,,2019,,,,,,,,,,,,2020,,,,,,,,,,,,2021
지역,구분,01,02,03,04,05,06,07,08,09,10,11,12,01,02,03,04,05,06,07,08,09,10,11,12,01,02,03,04,05
"전국","총소비","1,626,703,667,130","1,538,113,279,405","1,764,807,242,399","1,719,807,697,479","1,908,633,089,253","1,805,411,651,074","1,785,880,960,792","1,861,928,525,182","1,643,659,078,230","1,801,226,635,607","1,738,106,745,729","1,838,596,300,782","1,550,924,683,623","1,107,561,884,614","971,404,749,149","1,115,081,880,731","1,371,065,239,386","1,250,025,391,924","1,315,309,043,039","1,271,033,015,518","1,086,197,535,805","1,304,729,903,002","1,157,948,863,716","850,062,342,737","848,462,263,705","962,583,396,962","1,156,153,585,748","1,176,946,535,726","1,290,222,845,212"
"전국","숙박업","49,996,449,699","47,195,003,175","45,462,779,889","44,332,744,646","48,261,718,399","48,506,443,868","51,608,157,115","65,343,224,129","44,606,513,311","48,025,891,645","45,343,133,677","57,371,514,005","49,413,116,058","30,951,995,382","18,714,001,551","20,046,521,302","29,345,082,356","29,764,950,888","34,986,060,565","41,717,490,566","22,059,644,608","28,929,305,436","25,967,940,528","20,905,427,588","20,215,872,566","23,855,179,754","25,206,826,157","26,422,392,225","32,765,041,709"
"전국","여행업","9,451,076,265","5,866,705,399","5,335,203,008","6,341,655,126","5,811,565,864","5,211,042,046","7,987,831,384","5,247,788,823","5,501,151,049","4,536,673,594","4,044,203,816","5,552,594,482","3,983,417,424","606,657,050","279,248,998","168,395,583","199,727,102","134,473,317","291,698,780","342,361,662","235,873,894","346,311,550","216,121,731","129,827,580","160,559,237","190,495,906","131,045,170","129,592,580","208,789,255"
"전국","대중교통","66,681,168,630","59,058,969,697","63,865,838,215","65,669,222,294","67,619,030,192","63,031,916,138","68,406,601,665","76,619,969,776","60,918,243,872","67,105,389,266","63,624,428,640","65,557,803,406","63,570,546,447","35,325,739,442","20,981,272,248","29,007,732,250","38,683,864,691","38,612,739,454","44,255,666,667","39,862,266,304","35,004,608,773","42,245,946,564","39,944,650,032","27,433,353,201","31,278,420,857","32,207,531,285","38,458,385,679","40,677,310,301","43,638,241,012"
"전국","렌터카","1,205,932,848","1,342,363,676","1,411,301,490","1,604,218,805","1,876,817,811","1,989,396,669","2,363,352,106","3,010,939,882","2,124,110,625","2,695,294,945","2,527,226,145","2,824,743,323","2,771,154,998","2,407,481,183","2,393,481,781","2,602,949,179","2,881,883,728","3,112,739,818","3,503,212,028","4,394,973,258","3,417,336,398","3,904,923,244","4,201,892,558","3,500,372,474","3,380,427,103","3,949,716,315","4,290,503,990","4,983,815,334","5,093,685,997"
"전국","항공사","49,039,885,156","44,440,055,863","46,663,133,939","41,318,299,980","43,328,178,177","48,211,908,115","52,711,586,136","41,257,803,996","36,503,902,535","40,420,963,715","39,255,954,450","54,981,326,317","37,741,896,364","15,404,511,240","8,753,543,629","7,440,711,188","11,570,329,648","10,632,665,134","14,595,679,213","11,026,039,060","9,084,719,326","13,195,396,346","12,325,884,053","5,640,739,787","7,934,390,136","10,701,307,552","14,538,947,453","14,515,493,269","14,504,639,456"
"전국","카지노","29,431,780,000","23,658,318,800","26,142,460,000","27,641,890,100","28,355,124,700","30,419,869,000","29,534,344,500","32,542,159,000","31,686,546,000","26,448,479,300","29,516,610,500","32,523,644,000","33,140,761,500","26,508,147,500","3,317,400,200","148,400,000","568,300,000","209,070,500","504,350,000","457,940,000","211,850,000","601,250,000","466,500,000","21,550,000","422,110,000","530,520,000","1,034,240,000","448,910,000","549,050,000"
"전국","레저스포츠","59,361,508,957","63,240,386,852","89,322,257,475","92,838,019,800","108,766,810,063","113,846,138,064","108,016,273,269","109,548,741,744","101,401,250,477","112,234,760,136","99,126,846,259","76,430,528,485","74,647,135,020","66,042,282,704","77,121,393,454","94,770,982,389","113,080,902,708","107,343,855,148","103,376,213,712","90,711,690,174","83,664,610,761","110,256,956,465","91,616,182,385","49,537,031,994","41,024,832,716","63,551,051,382","93,954,781,142","104,622,647,144","114,720,895,910"
"전국","면세점","143,451,424,089","153,721,548,483","176,909,892,853","211,715,958,171","251,894,480,780","217,342,817,256","211,009,320,262","188,071,617,400","172,122,829,624","231,025,813,468","220,451,252,841","232,004,515,707","112,315,752,849","36,808,363,153","9,696,156,178","4,605,222,836","8,220,215,575","8,542,678,209","9,597,397,069","9,491,135,123","6,656,390,180","8,513,539,130","9,601,989,568","8,218,365,650","5,697,388,772","7,115,350,957","9,963,263,668","11,814,920,657","11,313,754,288"
"전국","문화서비스","25,483,248,333","30,525,855,580","22,243,385,404","22,338,583,830","28,535,974,816","34,037,633,227","32,458,532,080","39,668,316,375","23,701,368,868","25,035,093,789","25,451,186,160","29,584,549,775","23,687,407,392","9,431,388,407","3,001,806,649","2,912,582,301","5,527,469,682","5,823,867,717","9,056,765,819","11,491,795,283","4,000,590,580","8,394,172,583","4,864,194,721","1,717,862,099","2,121,037,957","4,740,635,326","4,609,875,050","6,152,849,890","9,030,661,120"
"전국","쇼핑(면세점 제외)","274,419,712,294","269,339,170,627","303,415,990,437","271,274,990,727","300,353,489,226","272,084,597,846","251,520,485,975","261,540,895,337","275,724,471,142","271,273,924,216","275,815,463,818","272,126,100,162","261,828,127,248","185,302,892,335","189,997,286,637","216,591,421,769","262,505,541,502","214,905,009,533","206,146,863,389","207,427,369,405","231,381,058,356","242,581,105,055","206,185,785,754","196,705,369,054","193,052,468,757","196,762,512,170","212,120,684,211","206,569,908,387","232,458,693,781"
"전국","식음료","918,181,480,859","839,724,901,253","984,034,999,689","934,732,114,000","1,023,829,899,225","970,729,888,845","970,264,476,300","1,039,077,068,720","889,368,690,727","972,424,351,533","932,950,439,423","1,009,638,981,120","887,825,368,323","698,772,426,218","637,149,157,824","736,786,961,934","898,481,922,394","830,943,342,206","888,995,135,797","854,109,954,683","690,480,852,929","845,760,996,629","762,557,722,386","536,252,443,310","543,174,755,604","618,979,096,315","751,845,033,228","760,608,695,939","825,939,392,684"
"서울특별시","총소비","599,242,229,956","560,429,092,236","643,109,533,249","655,063,926,788","729,362,082,613","683,016,279,972","674,283,946,837","640,369,692,292","591,599,032,983","680,932,189,516","666,615,475,628","734,356,580,510","538,480,650,745","370,300,992,545","299,687,780,808","320,003,040,514","373,003,228,174","354,570,243,282","384,624,350,506","330,557,010,377","287,844,574,344","357,166,369,962","327,014,476,113","231,391,447,234","242,979,119,349","269,946,023,787","330,414,221,979","329,698,589,474","350,173,708,430"
"서울특별시","숙박업","19,400,134,059","17,288,433,695","18,787,149,109","19,156,211,012","19,988,513,738","18,772,515,022","17,701,579,978","19,493,107,521","18,047,574,700","20,082,667,917","18,693,078,002","23,951,502,627","18,820,506,698","11,137,793,994","6,229,664,481","6,322,730,499","8,989,377,514","9,714,058,320","9,883,811,725","9,137,588,746","5,654,008,488","7,268,868,319","6,871,984,799","6,277,542,676","6,386,269,053","6,909,217,475","8,141,061,121","7,422,657,825","9,472,703,004"
"서울특별시","여행업","9,264,826,013","5,717,424,694","5,065,211,758","6,154,975,522","5,576,238,893","4,979,138,732","7,775,636,730","4,898,635,126","5,304,066,819","4,285,401,334","3,865,729,200","5,406,849,237","3,882,055,194","502,760,783","191,397,323","109,934,068","71,612,258","39,878,372","166,283,155","146,773,267","150,635,555","86,441,830","95,155,779","92,601,203","112,890,757","109,717,602","67,465,108","12,006,660","45,511,325"
"서울특별시","대중교통","26,620,540,718","24,289,404,497","27,821,064,045","27,884,488,632","29,091,177,766","27,528,230,820","21,254,257,285","23,239,452,446","18,714,625,232","20,672,905,510","19,698,986,090","19,405,218,206","18,517,187,807","11,508,078,582","7,367,962,244","10,043,812,600","13,577,629,510","13,557,014,560","14,914,066,467","14,315,976,680","11,913,351,693","14,667,079,344","13,595,168,582","9,558,086,711","9,714,534,460","10,689,099,440","13,222,973,216","14,313,007,567","15,249,882,582"
"서울특별시","렌터카","84,060,768","80,325,125","92,463,415","106,787,634","128,492,772","120,845,510","153,857,733","190,632,527","149,953,517","136,597,128","136,864,213","117,636,082","79,363,753","79,812,127","73,013,207","87,429,870","107,983,194","92,929,460","102,078,979","83,236,649","72,701,624","102,179,584","86,597,051","84,193,654","87,831,999","97,037,714","91,082,480","88,071,077","98,941,026"
"서울특별시","항공사","37,838,773,973","36,179,330,106","37,968,666,120","32,738,759,888","34,501,471,139","39,149,513,764","42,104,954,654","33,610,079,827","30,417,068,774","33,258,505,939","31,991,429,217","45,493,466,155","31,078,389,006","13,469,526,800","7,762,935,811","6,083,928,195","9,398,098,010","7,796,624,706","10,582,076,167","8,294,214,544","6,679,364,328","9,209,041,582","9,232,375,170","4,229,228,093","5,708,778,484","7,178,436,092","9,617,235,409","9,867,369,565","10,049,021,087"
"서울특별시","카지노","13,060,350,000","10,917,898,600","12,857,670,000","11,130,900,000","13,022,587,700","13,975,404,000","12,953,250,100","13,643,740,000","13,282,211,500","12,620,410,000","13,301,400,500","13,955,980,000","13,791,850,000","11,010,090,000","1,754,750,000","32,400,000","359,550,000","173,370,000","441,300,000","361,760,000","210,150,000","590,950,000","409,750,000","16,000,000","269,250,000","103,050,000","261,840,000","94,760,000","539,950,000"
"서울특별시","레저스포츠","13,197,044,967","12,475,071,036","12,790,488,362","11,413,715,332","12,643,256,461","13,461,465,243","14,891,523,192","15,074,541,199","13,243,957,873","13,289,227,624","12,984,811,292","14,159,607,930","15,070,155,301","11,958,753,532","9,186,088,977","9,032,833,087","10,919,182,118","9,699,085,509","10,632,749,336","7,907,816,646","3,973,979,117","8,682,872,646","8,109,300,215","3,835,655,452","4,559,735,614","6,871,954,717","8,814,700,992","8,242,498,851","9,457,063,594"
"서울특별시","면세점","84,690,483,265","95,002,299,686","114,859,408,899","152,746,167,333","191,498,597,050","160,785,518,906","156,051,326,922","128,347,271,664","119,404,140,684","173,035,289,865","165,958,208,358","176,037,821,603","64,311,770,300","17,158,781,559","4,664,727,407","587,413,284","708,471,420","342,334,231","910,931,209","406,193,609","761,854,372","808,675,724","1,211,237,502","1,680,808,912","455,239,293","405,156,399","353,028,152","410,443,402","623,229,248"
"서울특별시","문화서비스","13,426,034,987","16,028,460,422","10,859,304,196","10,902,684,190","12,795,807,618","16,812,386,279","16,233,190,439","17,304,515,290","10,777,940,027","10,537,832,503","12,945,277,390","15,388,833,467","11,858,745,631","3,810,508,681","978,823,380","504,123,693","857,817,460","1,612,825,154","2,903,401,570","3,400,051,797","1,299,569,648","1,714,771,070","1,146,635,932","441,901,382","720,931,737","1,340,426,092","1,500,301,671","1,288,300,631","2,527,997,560"
"서울특별시","쇼핑(면세점 제외)","71,103,380,917","70,566,456,004","79,890,287,251","73,997,579,402","82,203,743,545","74,732,713,131","68,041,192,761","69,208,993,370","72,139,932,415","73,457,818,718","75,470,125,190","74,481,221,859","68,544,705,857","48,059,586,484","45,902,601,022","52,088,206,094","63,343,871,015","55,290,834,442","53,669,095,272","51,690,554,610","57,425,140,927","61,541,899,650","53,481,196,678","47,867,758,876","46,623,156,539","48,445,118,354","54,068,261,914","53,905,447,380","59,369,793,417"
"서울특별시","식음료","310,556,600,289","271,883,988,371","322,117,820,094","308,831,657,843","327,912,195,931","312,698,548,565","317,123,177,043","315,358,723,322","290,117,561,442","319,555,532,978","311,569,566,176","345,958,443,344","292,525,921,198","241,605,300,003","215,575,816,956","235,110,229,124","264,669,635,675","256,251,288,528","280,418,556,626","234,812,843,829","199,703,818,592","252,493,590,213","232,775,074,405","157,307,670,275","168,340,501,413","187,796,809,902","234,276,271,916","234,054,026,516","242,739,615,587"
"부산광역시","총소비","149,108,902,227","139,692,719,035","152,119,426,888","140,956,429,375","150,702,278,054","144,685,701,728","142,914,452,319","151,373,062,882","135,663,579,324","139,801,122,489","138,993,043,577","151,773,458,075","140,917,394,128","104,958,882,770","88,700,015,710","98,425,296,064","124,954,182,158","106,577,629,433","111,338,168,823","110,973,087,432","96,017,578,180","102,601,907,700","99,860,541,884","73,142,066,682","78,255,206,495","86,928,401,762","100,890,296,846","91,588,321,151","103,030,657,125"
"부산광역시","숙박업","4,049,654,124","3,830,912,741","3,339,550,819","3,346,668,484","3,457,567,066","4,008,593,894","3,780,044,537","4,538,756,684","3,384,684,723","3,279,117,147","3,271,372,262","4,202,439,862","3,667,015,266","2,683,050,569","1,382,496,366","1,607,058,021","2,456,034,451","2,808,482,331","3,305,460,347","3,536,812,464","1,777,408,670","2,276,691,759","2,346,642,187","1,785,489,441","1,787,012,159","2,195,075,877","2,141,178,704","2,263,777,097","2,483,493,125"
"부산광역시","여행업","9,530,000","15,690,500","16,272,200","15,448,700","23,634,700","26,335,200","16,924,000","18,714,400","15,241,310","20,676,640","18,122,167","16,502,215","8,312,000","11,676,000","11,727,000","4,079,000","12,003,000","9,751,500","11,664,000","6,281,000","4,838,000","23,942,000","18,172,000","2,118,997","5,980,000","8,414,000","8,586,100","9,341,000","9,393,000"
"부산광역시","대중교통","2,899,500","3,737,500","5,212,200","2,204,800","3,393,000","5,922,450","4,400,000","3,285,450","1,521,600","4,550,000","6,341,100","9,180,800","3,062,800","521,500","63,000","0","30,000","67,100","0","110,000","0","18,000","264,000","0","0","0","0","0","0"
"부산광역시","렌터카","1,432,050","5,010,600","3,229,619","2,882,200","6,568,850","4,860,700","5,798,000","6,333,600","7,388,300","5,529,350","14,148,650","2,635,000","4,808,650","5,908,600","0","1,366,500","3,435,000","1,906,700","3,875,500","3,739,000","1,969,980","1,674,000","1,786,350","0","355,000","254,500","0","470,000","2,214,760"
"부산광역시","항공사","5,159,957,340","3,596,996,450","3,861,593,370","3,867,826,130","4,024,925,305","3,771,398,360","4,486,799,690","3,262,051,930","2,554,005,160","3,520,705,330","3,402,908,520","4,046,432,730","2,742,625,582","894,031,150","629,598,790","871,593,710","1,371,274,080","1,649,569,090","2,189,029,640","1,536,927,160","1,393,987,780","2,057,817,320","1,663,055,780","801,589,030","1,474,306,370","1,836,784,730","2,435,460,590","2,326,068,900","2,478,850,440"
"부산광역시","카지노","5,199,920,000","3,242,650,000","4,320,830,000","4,756,990,000","4,306,450,000","4,731,360,000","4,920,900,000","4,798,660,000","4,226,000,000","2,925,900,000","4,372,250,000","5,265,900,000","5,605,500,000","4,156,700,000","40,000,000","0","0","0","0","0","0","0","0","0","0","0","0","0","0"
"부산광역시","레저스포츠","4,181,470,225","4,339,383,981","4,883,403,873","4,514,338,649","5,158,170,404","5,551,147,667","5,760,525,750","5,979,334,632","5,490,854,667","5,472,613,870","5,317,813,539","5,184,283,328","5,156,078,055","4,370,712,249","3,881,372,813","4,472,190,731","5,492,270,530","5,055,420,578","5,190,489,910","4,713,874,356","3,783,634,206","5,018,692,704","4,552,050,291","2,989,071,146","2,936,147,498","4,104,333,521","4,815,063,639","4,711,876,075","5,222,343,632"
"부산광역시","면세점","4,405,772,148","4,282,449,537","4,577,462,810","5,431,879,933","4,640,794,695","4,704,439,183","3,668,180,887","4,008,916,535","3,406,432,700","4,286,567,287","4,289,529,643","4,038,903,449","3,951,361,497","1,169,858,689","29,712,244","285,500","3,206,300","0","778,350","4,928,600","2,626,250","12,012,725","13,124,900","12,036,181","10,733,800","5,234,707","5,611,200","4,723,456","42,888,150"
"부산광역시","문화서비스","1,296,117,437","1,637,521,626","1,180,183,120","962,657,241","1,355,672,040","1,608,487,330","1,452,988,318","1,917,117,020","1,173,221,440","1,102,360,108","1,189,736,015","1,412,356,280","1,134,128,994","548,805,270","115,142,860","86,648,348","191,920,060","359,467,980","534,834,210","769,039,120","158,452,680","303,942,880","222,849,840","71,419,899","85,643,100","215,846,350","192,660,393","185,427,140","408,254,550"
"부산광역시","쇼핑(면세점 제외)","48,777,994,974","46,157,106,302","50,054,058,966","45,073,329,683","46,647,004,975","43,354,631,106","41,160,897,559","43,774,890,106","45,099,295,146","44,426,216,506","43,322,202,490","43,588,072,210","45,868,992,960","37,243,399,188","40,061,397,430","40,319,779,869","43,422,055,816","29,552,576,166","28,564,006,873","29,908,237,520","33,730,958,110","29,249,628,329","28,130,006,744","28,805,101,731","29,262,271,618","27,298,095,397","28,999,577,872","27,624,200,489","31,114,416,724"
"부산광역시","식음료","76,024,154,429","72,581,259,798","79,877,629,911","72,982,203,555","81,078,097,019","76,918,525,838","77,656,993,578","83,065,002,525","70,304,934,278","74,756,886,251","73,788,619,191","84,006,752,201","72,775,508,324","53,874,219,555","42,548,505,207","51,062,294,385","72,001,952,921","67,140,387,988","71,538,029,993","70,493,138,212","55,163,702,504","63,657,487,983","62,912,589,792","38,675,240,257","42,692,756,950","51,264,362,680","62,292,158,348","54,462,436,994","61,268,802,744"
"대구광역시","총소비","66,487,956,162","63,002,833,257","69,678,028,308","64,151,794,474","70,731,042,979","66,802,800,281","66,403,871,264","68,614,926,642","64,085,358,077","65,324,995,126","65,260,419,237","71,394,542,257","65,189,840,975","43,223,476,700","29,617,456,656","40,381,146,333","55,619,441,620","53,274,322,038","55,704,598,815","55,968,628,266","53,579,629,081","57,268,188,588","54,525,393,284","47,433,692,998","41,432,108,230","43,439,474,476","50,594,442,847","49,691,426,260","54,745,812,042"
"대구광역시","숙박업","1,543,141,259","1,392,171,743","1,372,078,320","1,437,954,857","1,371,991,526","1,597,753,905","1,162,910,626","1,273,954,595","1,336,234,484","1,503,142,372","1,667,035,615","1,993,322,679","1,395,202,573","1,000,473,202","449,129,975","592,197,177","940,400,229","1,000,145,102","1,083,884,056","1,153,028,648","944,326,887","1,205,999,192","1,062,277,621","974,070,138","746,276,645","659,719,028","812,216,462","869,539,420","1,049,958,368"
"대구광역시","여행업","10,326,000","1,495,000","13,508,300","0","12,040,000","0","1,909,300","0","0","0","0","3,820,500","0","0","0","0","0","0","0","0","73,900","0","0","0","0","0","0","150,000","0"
"대구광역시","대중교통","2,075,000","2,137,000","1,377,000","1,107,000","1,383,000","1,432,000","889,000","1,360,000","0","0","0","0","0","0","0","0","0","0","0","0","0","0","0","0","0","0","0","0","0"
"대구광역시","레저스포츠","3,309,296,540","3,338,011,551","3,839,522,561","3,528,336,944","3,881,019,475","3,894,845,495","4,141,606,825","4,287,999,476","3,868,557,715","4,077,596,315","3,621,017,949","4,142,685,662","4,508,400,813","3,016,638,931","1,909,164,241","2,258,225,214","3,340,199,209","3,004,038,507","3,136,926,957","3,298,662,334","3,023,357,306","3,586,135,650","2,967,999,446","2,640,060,149","2,858,266,085","2,916,380,495","3,115,738,346","3,095,947,607","3,887,592,151"
"대구광역시","면세점","231,513,730","233,302,040","266,232,410","250,097,870","270,114,490","262,441,670","240,842,170","211,006,932","156,797,480","192,870,920","175,325,570","161,092,560","158,747,520","26,037,090","0","0","0","0","0","0","0","0","0","0","0","0","0","0","0"
"대구광역시","문화서비스","932,845,050","1,189,663,790","863,732,705","622,915,608","1,022,030,034","1,187,183,228","1,046,591,945","1,412,105,465","891,193,917","715,567,840","974,234,052","1,129,701,846","773,176,930","491,220,376","33,260,450","22,006,900","86,139,622","236,005,280","364,046,778","495,245,282","145,735,400","256,615,452","229,220,693","131,719,735","93,924,317","167,324,313","179,287,140","139,471,200","243,602,630"
"대구광역시","쇼핑(면세점 제외)","12,632,052,155","11,973,219,180","13,182,289,513","11,697,396,723","13,194,803,172","11,951,434,746","11,477,718,215","11,989,277,460","12,590,882,290","11,745,043,224","12,023,006,830","12,061,592,987","12,465,317,893","7,971,502,524","7,069,263,141","8,552,005,396","11,213,145,924","10,018,350,035","9,672,478,841","10,232,299,912","11,794,675,554","10,441,977,989","9,388,562,936","9,891,860,239","9,816,182,314","9,472,998,089","9,718,780,828","9,109,613,079","10,356,322,719"
"대구광역시","식음료","47,826,706,428","44,872,312,953","50,138,307,499","46,613,755,472","50,977,661,282","47,907,709,237","48,331,403,183","49,438,070,714","45,240,112,191","47,090,774,455","46,799,799,221","51,902,326,023","45,888,995,246","30,717,604,577","20,156,638,849","28,956,711,646","40,039,272,636","39,015,783,114","41,447,262,183","40,776,071,235","37,670,981,034","41,777,460,305","40,877,332,588","33,795,982,737","27,917,458,869","30,222,594,551","36,768,420,071","36,476,704,954","39,208,336,174"
"대구광역시","렌터카","0","520,000","980,000","230,000","0","0","0","1,152,000","1,580,000","0","0","0","0","0","0","0","284,000","0","0","13,320,855","479,000","0","0","0","0","458,000","0","0","0"
"인천광역시","총소비","116,313,754,692","110,368,566,632","120,906,541,672","114,586,142,415","122,914,654,761","116,012,027,980","110,472,060,263","119,326,999,724","109,298,583,051","110,642,274,077","106,908,103,622","115,049,216,972","106,572,487,311","71,983,396,943","48,144,684,975","50,227,214,525","60,016,940,221","51,703,133,209","56,363,106,065","53,397,881,452","46,884,143,225","55,821,286,501","46,111,893,071","35,918,416,646","36,337,443,462","39,998,549,514","46,240,769,996","46,993,632,255","52,788,198,681"
"인천광역시","숙박업","1,765,807,508","1,770,104,322","1,896,311,051","1,710,745,930","1,933,664,934","1,856,276,661","2,066,655,309","2,477,663,915","1,881,517,699","1,756,412,802","1,735,856,096","2,228,280,999","1,873,288,111","1,277,099,306","941,155,923","913,305,167","1,353,243,698","1,276,807,049","1,441,813,164","1,627,761,935","951,135,411","1,163,204,695","1,082,915,185","933,992,136","987,132,426","1,051,386,205","1,067,412,704","1,135,115,309","1,445,371,183"
"인천광역시","여행업","1,619,316","3,271,500","18,749,500","9,527,000","1,389,900","1,796,000","1,477,000","2,042,500","2,931,000","979,300","1,120,500","2,441,300","2,100,500","1,559,400","1,267,500","820,000","1,008,200","662,800","444,000","436,500","938,500","387,000","305,500","784,000","715,800","1,097,700","659,500","615,500","465,500"
"인천광역시","대중교통","213,234,026","304,167,000","548,916,870","735,596,340","875,391,016","619,895,270","410,334,450","881,220,570","477,437,850","850,001,466","615,898,400","191,596,050","188,172,450","65,717,470","70,478,950","149,990,300","386,578,751","229,671,906","236,522,700","347,194,750","130,924,070","486,998,500","288,411,350","48,029,150","42,215,167","127,442,505","83,815,903","208,307,456","286,254,600"
"인천광역시","항공사","238,261,777","262,075,200","262,881,460","184,332,200","214,064,431","219,296,120","278,479,300","163,600,900","177,408,720","138,273,700","221,169,700","510,564,367","335,337,154","114,327,794","33,420,428","88,506,418","90,359,628","214,205,240","382,621,006","328,404,756","302,546,518","585,652,044","337,819,500","153,529,864","216,456,582","430,474,180","605,666,454","599,081,276","525,963,316"
"인천광역시","카지노","11,159,510,000","9,424,370,200","8,901,960,000","11,730,000,100","10,933,087,000","11,379,105,000","11,429,194,400","13,881,059,000","13,776,934,500","10,825,669,300","11,702,460,000","13,079,364,000","13,496,911,500","11,213,857,500","1,522,650,200","116,000,000","208,750,000","35,700,500","63,050,000","96,180,000","1,700,000","10,300,000","56,750,000","5,550,000","152,860,000","427,470,000","772,400,000","354,150,000","9,100,000"
"인천광역시","레저스포츠","2,627,826,159","2,916,995,625","4,115,876,720","4,181,288,875","4,730,466,552","4,841,614,354","4,375,442,603","4,438,001,330","4,152,919,992","4,504,170,042","3,893,216,459","3,205,255,560","3,319,247,376","2,978,605,540","3,566,927,793","4,129,596,947","4,691,911,527","4,068,825,631","4,156,864,168","3,302,398,869","2,893,723,283","4,290,819,190","3,400,102,010","1,622,259,258","1,331,762,398","2,267,987,628","3,499,923,917","3,705,356,113","4,189,085,968"
"인천광역시","면세점","40,707,452,909","40,174,710,922","42,209,740,492","37,831,069,105","39,488,901,758","37,581,862,141","36,619,320,937","39,097,279,598","35,955,978,486","37,480,355,847","34,874,387,290","36,734,536,289","32,962,458,679","14,521,077,794","2,061,636,851","498,932,527","949,809,679","1,186,863,696","1,507,241,584","1,723,045,455","1,288,158,678","1,083,436,186","932,921,038","1,044,490,361","919,150,440","668,268,255","685,661,075","660,630,124","699,951,871"
"인천광역시","문화서비스","672,957,710","866,609,160","678,507,615","600,714,046","858,828,051","902,423,177","734,870,044","1,030,810,320","634,109,611","648,008,100","670,923,190","668,839,362","625,207,990","346,553,510","196,090,400","207,429,915","303,899,555","308,396,597","404,284,411","413,611,310","218,954,600","364,515,569","180,439,820","57,225,260","102,355,440","208,703,000","150,016,872","194,652,840","306,235,250"
"인천광역시","쇼핑(면세점 제외)","13,709,798,055","13,265,512,264","14,983,338,185","13,319,574,208","14,930,683,313","13,312,076,500","12,228,632,863","12,642,485,501","13,455,729,387","12,403,014,567","13,000,883,558","12,967,488,520","12,499,345,328","8,739,550,548","8,886,048,491","10,020,552,229","11,990,767,864","9,774,490,414","9,794,677,654","9,688,938,355","10,666,043,531","10,446,070,364","9,043,163,745","9,230,246,109","8,956,046,655","8,801,750,340","9,169,204,980","9,037,280,405","10,298,322,776"
"인천광역시","식음료","45,217,287,232","41,380,750,439","47,290,259,779","44,283,280,573","48,948,177,806","45,297,682,757","42,327,653,357","44,712,836,090","38,779,632,130","42,034,795,453","40,190,518,529","45,460,850,525","41,270,418,223","32,725,048,081","30,865,008,439","34,102,081,022","40,040,611,319","34,607,509,376","38,375,587,378","35,864,871,922","30,425,948,634","37,389,902,953","30,789,064,923","22,822,310,508","23,628,748,554","26,013,323,701","30,206,008,591","31,098,443,232","35,027,448,217"
"인천광역시","렌터카","0","0","0","14,038","0","0","0","0","3,983,676","593,500","1,669,900","0","0","0","0","0","0","0","0","5,037,600","4,070,000","0","0","0","0","646,000","0","0","0"
"광주광역시","총소비","36,104,596,894","33,935,585,964","38,574,306,116","35,555,106,226","39,613,466,610","37,161,770,021","36,850,150,954","37,154,602,529","35,318,157,766","36,718,763,022","36,760,146,636","39,531,927,574","35,352,033,838","26,983,490,898","27,618,427,261","30,873,585,952","37,809,305,021","33,817,690,130","26,641,359,987","29,688,913,184","26,841,473,954","32,972,230,561","29,825,874,677","24,250,571,290","23,579,837,932","25,449,447,572","31,992,856,322","31,523,588,375","32,037,455,675"
"광주광역시","숙박업","678,318,767","614,294,623","657,087,707","645,687,161","670,958,460","683,421,117","678,943,747","702,324,631","662,049,008","651,860,697","641,216,997","750,065,002","611,210,297","509,597,228","472,669,266","492,109,565","598,193,980","543,241,165","450,185,949","537,949,820","394,991,477","500,826,346","478,822,684","453,978,840","470,935,920","422,460,515","471,375,864","501,941,672","501,350,726"
"광주광역시","여행업","1,400,000","0","0","0","0","0","0","0","2,000,000","0","203,200","0","0","161,000","0","0","0","0","0","0","0","0","0","0","0","0","0","0","0"
"광주광역시","대중교통","27,623,300","31,612,880","32,361,700","25,551,100","43,507,000","35,765,800","35,547,800","39,440,900","39,642,600","36,896,400","34,040,600","36,739,100","6,801,000","4,928,000","5,465,000","7,479,000","8,045,000","8,169,000","14,144,000","6,804,000","8,582,000","3,746,000","86,000","97,000","46,000","243,000","459,000","90,000","0"
"광주광역시","렌터카","71,000","0","2,260,750","1,270,700","1,168,100","664,600","1,003,500","0","0","264,500","0","0","0","0","0","0","341,000","0","0","0","1,796,000","0","0","9,530,000","0","1,527,120","1,601,000","0","0"
"광주광역시","레저스포츠","1,430,641,453","1,500,334,045","1,610,581,603","1,514,275,822","1,811,985,941","1,943,533,345","1,924,396,251","2,011,366,663","1,883,457,660","2,021,326,481","1,803,378,694","1,838,046,292","2,051,977,983","1,639,183,572","1,649,908,873","1,705,409,041","2,041,988,081","1,767,957,055","1,437,897,381","1,395,694,629","898,377,490","1,740,913,429","1,493,587,031","1,385,599,118","1,526,162,713","1,571,968,051","1,853,335,804","1,816,265,066","2,088,356,049"
"광주광역시","문화서비스","378,629,630","464,731,700","297,882,210","285,976,750","419,892,790","518,022,370","486,400,040","615,029,240","356,128,249","322,817,990","396,272,210","470,989,060","377,497,510","224,794,200","69,688,914","29,347,830","77,662,070","125,252,800","131,612,414","222,994,240","63,147,650","108,872,650","85,169,350","38,986,900","34,749,150","74,632,257","59,265,430","61,850,460","102,181,650"
"광주광역시","쇼핑(면세점 제외)","6,886,071,525","6,790,958,713","7,851,046,231","6,834,511,945","7,857,157,513","6,814,572,093","6,448,526,845","6,302,463,382","7,155,629,119","6,983,909,313","7,372,871,543","6,861,310,689","6,451,391,365","4,116,436,141","4,820,961,075","5,724,016,327","7,517,961,294","5,781,112,988","4,146,302,100","4,914,163,420","5,576,306,391","6,396,461,937","5,518,874,395","4,992,294,756","4,752,878,165","5,153,703,817","5,753,077,140","5,511,360,497","6,086,216,027"
"광주광역시","식음료","26,701,841,219","24,533,654,003","28,123,085,915","26,247,832,748","28,808,796,806","27,165,790,696","27,275,332,771","27,483,977,713","25,219,251,130","26,701,687,641","26,512,163,392","29,574,777,431","25,853,155,683","20,488,390,757","20,599,734,133","22,915,224,189","27,565,113,596","25,591,957,122","20,461,218,143","22,611,307,075","19,898,272,946","24,221,410,199","22,249,335,217","17,370,084,676","16,795,065,984","18,224,912,812","23,853,742,084","23,632,080,680","23,259,351,223"
"대전광역시","총소비","69,561,667,680","61,796,728,695","67,660,354,649","66,765,737,651","70,475,207,455","66,078,681,165","69,408,614,990","74,973,514,843","63,779,169,438","68,400,147,677","66,170,567,556","71,141,004,968","66,406,249,921","41,856,312,806","31,247,270,968","39,709,743,026","50,220,688,628","44,073,212,859","45,878,154,250","44,076,995,004","40,954,929,096","46,693,612,095","43,839,682,240","33,082,462,315","35,631,319,992","36,164,950,742","43,815,397,961","42,380,536,454","46,363,246,209"
"대전광역시","숙박업","464,906,885","435,712,849","518,717,213","420,100,465","440,905,782","445,149,922","443,726,269","423,252,649","444,084,390","435,998,235","460,152,954","658,567,970","468,851,100","429,838,074","292,534,478","347,346,160","437,521,656","364,673,180","298,236,782","339,860,100","296,490,660","372,844,650","323,598,694","320,631,103","281,467,144","278,559,980","334,553,381","277,443,208","327,299,627"
"대전광역시","대중교통","39,598,505,800","34,223,940,800","35,239,478,800","36,806,612,300","37,411,513,800","34,697,405,500","39,009,050,100","44,029,990,300","34,374,013,100","37,970,309,800","36,041,349,870","38,677,768,200","37,791,089,500","19,118,725,600","11,185,676,800","16,297,007,800","21,257,207,300","21,509,831,900","25,729,710,900","21,966,193,200","20,457,615,800","23,790,836,500","23,087,789,300","15,681,128,300","19,457,960,900","19,049,492,000","22,450,205,800","23,379,008,900","25,171,313,700"
"대전광역시","레저스포츠","945,882,636","898,247,969","1,150,163,715","1,039,710,553","1,274,989,944","1,333,597,121","1,418,665,408","1,349,909,736","1,271,833,155","1,312,518,141","1,228,420,327","1,177,919,380","1,194,819,564","1,047,970,706","966,904,305","1,006,144,976","1,220,180,649","1,010,657,791","950,695,239","918,892,119","731,615,436","979,645,730","852,377,709","723,128,495","719,458,070","768,183,905","918,110,750","879,247,085","933,472,465"
"대전광역시","문화서비스","291,141,830","342,966,280","255,861,970","199,979,520","280,533,380","381,839,720","353,303,490","400,295,300","278,745,960","247,426,240","309,438,220","399,159,800","284,262,920","143,337,870","29,274,530","16,859,800","33,968,435","49,861,900","76,565,750","128,980,350","25,589,376","61,825,230","35,943,550","13,896,050","13,413,700","25,845,750","41,709,980","44,053,060","55,573,560"
"대전광역시","쇼핑(면세점 제외)","5,670,275,090","5,464,542,338","6,224,485,340","5,183,039,597","5,873,637,365","5,341,898,384","5,079,978,930","5,200,821,272","5,503,101,669","5,021,407,797","5,099,962,113","5,177,302,844","5,259,967,869","3,697,658,980","3,693,879,800","4,236,452,323","5,184,018,913","3,816,146,096","3,414,609,994","3,943,436,051","4,368,138,765","4,204,212,606","3,477,308,831","3,924,910,973","3,911,831,470","3,727,082,697","3,881,376,692","3,498,284,110","3,936,065,690"
"대전광역시","식음료","22,590,955,439","20,431,318,459","24,271,475,131","23,116,295,216","25,193,627,184","23,878,790,518","23,103,890,793","23,569,245,586","21,907,391,164","23,412,487,464","23,031,244,072","25,050,286,774","21,407,258,968","17,418,781,576","15,079,001,055","17,805,931,967","22,087,791,675","17,322,041,992","15,408,335,585","16,779,633,184","15,075,479,059","17,284,176,479","16,062,664,156","12,418,767,394","11,247,188,708","12,315,786,410","16,189,441,358","14,302,500,091","15,939,521,167"
"대전광역시","여행업","0","0","172,480","0","0","0","0","0","0","0","0","0","0","0","0","0","0","0","0","0","0","70,900","0","0","0","0","0","0","0"
"울산광역시","총소비","22,260,951,728","20,282,520,668","23,253,918,310","21,294,091,554","23,397,614,548","22,144,428,048","22,408,975,478","23,374,795,376","20,534,378,476","21,990,844,986","22,089,650,345","23,769,642,381","21,033,521,512","16,729,280,750","13,844,118,078","17,139,523,806","22,144,050,633","19,832,482,829","20,548,963,994","21,153,389,618","16,403,768,319","19,904,706,062","19,079,430,797","13,703,557,473","13,824,145,766","15,025,998,975","18,147,280,009","16,805,422,435","17,160,420,342"
"울산광역시","숙박업","600,735,988","482,813,475","553,775,608","583,629,472","544,683,643","549,682,070","549,898,827","587,137,429","510,667,144","540,293,533","528,423,706","693,103,971","544,955,966","434,721,216","355,290,873","381,936,217","466,070,055","420,496,455","461,751,196","501,082,036","363,005,859","438,215,069","409,159,054","366,918,952","370,018,456","363,204,458","391,943,818","379,611,169","363,810,134"
"울산광역시","여행업","355,000","315,000","238,000","410,500","190,500","954,000","241,500","3,323,500","169,500","3,709,000","356,000","215,500","228,000","163,500","0","0","98,500","0","280,000","240,500","49,500","133,000","202,000","37,500","0","828,500","46,000","0","0"
"울산광역시","대중교통","44,734,876","40,491,400","37,590,500","16,471,400","18,334,400","18,374,910","22,176,810","20,747,890","16,022,300","10,165,710","1,015,400","1,428,000","2,413,300","182,100","133,700","308,000","660,000","868,500","1,108,800","735,500","255,200","628,200","2,375,000","193,600","167,200","410,900","321,200","114,400","472,600"
"울산광역시","레저스포츠","1,302,398,610","1,329,015,972","1,561,945,036","1,520,597,056","1,691,994,370","1,796,526,295","1,802,227,347","1,902,139,739","1,664,152,182","1,769,085,961","1,708,222,950","1,560,893,778","1,543,974,840","1,453,670,184","1,358,438,774","1,596,050,356","1,890,131,774","1,722,311,729","1,757,492,331","1,844,990,373","1,378,793,645","1,873,250,827","1,694,527,885","1,373,155,862","1,313,574,249","1,442,761,416","1,645,041,807","1,721,516,510","1,851,881,975"
"울산광역시","면세점","867,770","4,296,000","630,500","1,358,680","2,676,300","1,007,000","5,146,190","4,427,510","827,500","2,875,780","744,220","1,469,500","0","0","0","0","0","0","0","0","0","0","0","0","0","0","0","0","0"
"울산광역시","문화서비스","240,592,700","271,052,100","185,273,330","178,198,536","233,545,700","281,031,532","308,533,180","390,760,270","252,149,200","214,221,700","259,946,340","333,017,121","256,913,050","133,857,100","12,084,900","6,378,050","27,283,700","68,472,860","105,860,670","115,941,470","14,285,550","47,948,570","32,212,130","3,405,160","6,818,800","20,008,540","27,991,953","18,948,450","27,971,300"
"울산광역시","쇼핑(면세점 제외)","3,555,569,653","3,283,931,498","3,888,166,764","3,286,009,281","3,743,084,796","3,267,123,259","3,207,575,620","3,280,172,607","3,374,717,512","3,374,753,265","3,434,255,954","3,333,157,420","3,259,902,070","2,238,755,048","2,013,556,052","2,638,539,115","3,822,913,680","3,052,735,952","2,743,922,524","2,902,885,245","2,962,500,962","3,097,743,805","2,669,404,987","2,554,811,437","2,631,104,141","2,491,603,646","2,861,027,437","2,585,343,708","2,862,965,058"
"울산광역시","식음료","16,515,697,131","14,868,242,223","17,025,748,572","15,707,416,629","17,163,104,839","16,229,223,982","16,511,571,004","17,185,626,431","14,713,524,138","16,075,260,037","16,155,865,775","17,845,691,091","15,423,319,286","12,467,931,602","10,104,613,779","12,515,811,068","15,936,892,924","14,567,597,333","15,478,548,473","15,786,034,494","11,682,837,603","14,446,029,491","14,268,956,141","9,404,579,962","9,502,188,920","10,706,651,515","13,220,342,794","12,099,128,098","12,052,698,275"
"울산광역시","렌터카","0","2,363,000","550,000","0","0","505,000","1,605,000","460,000","2,149,000","480,000","820,000","666,000","1,815,000","0","0","501,000","0","0","0","1,480,000","2,040,000","757,100","2,593,600","455,000","274,000","530,000","565,000","760,100","621,000"
"세종특별자치시","총소비","2,599,704,203","2,332,845,103","3,202,294,882","3,193,861,003","3,506,075,843","3,252,792,061","3,035,954,814","3,182,372,281","2,973,867,110","3,405,179,738","3,160,663,604","3,081,978,376","2,561,951,020","2,251,246,247","2,110,266,189","2,620,645,076","3,411,875,448","3,229,646,955","3,084,191,848","2,903,136,993","2,802,104,373","3,055,880,111","2,818,300,790","2,113,735,609","1,879,253,413","2,134,010,911","2,932,710,887","3,123,824,389","3,355,813,420"
"세종특별자치시","숙박업","10,157,000","7,923,222","12,242,500","10,706,630","11,617,100","13,370,500","11,221,000","11,327,300","10,970,000","11,377,500","10,131,010","10,389,600","10,329,200","7,789,500","7,947,000","9,794,507","11,752,500","9,666,000","8,786,000","9,679,000","11,139,000","8,814,500","8,048,100","8,399,000","8,609,000","13,301,000","11,618,000","13,961,500","19,712,020"
"세종특별자치시","레저스포츠","182,123,650","187,995,520","291,886,140","279,070,690","317,197,180","347,385,350","338,359,522","388,093,657","388,662,248","442,345,124","396,137,512","304,820,614","231,435,040","248,298,316","240,074,388","308,628,298","393,579,039","415,934,991","358,639,088","346,093,858","376,520,129","360,112,670","366,012,175","189,301,130","108,975,060","211,269,040","362,241,620","427,756,653","457,745,970"
"세종특별자치시","문화서비스","43,756,980","41,512,360","33,374,610","28,119,990","42,997,070","46,552,700","52,098,860","56,473,130","29,569,500","30,922,440","40,131,120","55,909,300","32,124,460","19,832,220","3,412,250","1,319,650","6,198,450","9,864,750","22,304,150","28,488,350","6,479,350","11,180,800","8,073,700","3,400,250","5,264,250","6,159,900","9,576,100","9,366,980","13,256,960"
"세종특별자치시","쇼핑(면세점 제외)","120,703,340","128,646,500","137,913,910","124,302,550","153,511,460","145,461,680","146,295,560","150,604,580","157,042,720","131,434,110","119,103,890","121,827,860","130,857,640","116,138,260","140,661,360","139,346,390","234,996,988","217,402,055","181,654,560","174,464,270","192,815,380","198,784,730","145,275,550","163,761,965","162,101,880","136,502,790","161,123,200","157,069,070","159,254,811"
"세종특별자치시","식음료","2,242,963,233","1,966,767,501","2,726,877,722","2,751,661,143","2,980,753,033","2,700,021,831","2,487,979,872","2,575,873,614","2,387,622,642","2,789,100,564","2,595,160,072","2,589,031,002","2,157,204,680","1,859,187,951","1,718,171,191","2,161,556,231","2,765,348,471","2,576,779,159","2,512,808,050","2,344,411,515","2,215,150,514","2,476,987,411","2,290,891,265","1,748,873,264","1,594,303,223","1,766,778,181","2,388,151,967","2,515,670,186","2,705,843,659"
"경기도","총소비","287,274,843,923","270,482,852,997","332,563,568,615","317,274,590,244","354,323,008,097","338,515,978,566","330,910,148,001","349,588,059,362","319,803,656,367","341,975,103,985","320,717,496,715","321,861,028,062","290,343,671,586","230,442,842,770","241,547,013,064","280,806,373,646","328,150,041,799","297,931,230,633","311,514,484,893","280,472,890,796","265,500,634,946","320,814,896,246","270,264,278,621","200,775,231,825","199,727,755,335","224,268,513,154","273,359,487,145","284,490,339,597","313,035,613,539"
"경기도","숙박업","5,189,517,717","4,807,885,757","5,694,180,467","5,088,562,277","5,608,614,553","5,854,184,538","5,912,248,812","7,299,578,136","5,312,701,507","5,355,140,537","5,307,530,600","5,764,196,846","4,688,128,117","3,896,425,758","3,330,611,361","3,457,157,705","4,009,719,152","3,787,437,319","4,383,652,734","4,708,033,343","3,366,945,202","4,034,273,867","3,626,049,621","3,140,394,092","3,303,594,994","3,217,540,342","3,531,652,396","3,391,403,933","3,867,137,645"
"경기도","여행업","8,461,700","13,526,500","75,680,110","55,497,002","51,564,910","48,148,890","22,566,000","21,065,800","42,037,300","33,799,920","38,951,710","31,845,740","10,132,630","7,622,157","6,763,620","7,299,600","7,535,796","6,613,520","10,032,900","10,142,979","12,472,600","20,001,510","12,590,800","8,565,400","10,873,000","11,859,044","12,548,932","5,055,870","10,643,200"
"경기도","대중교통","61,237,550","54,202,750","31,443,200","23,203,000","2,935,000","4,091,000","7,556,564,120","8,254,310,950","7,214,329,710","7,467,909,290","7,167,021,080","7,197,200,130","7,023,821,220","4,603,301,420","2,316,041,880","2,458,437,290","3,384,393,300","3,261,057,520","3,316,516,080","3,141,658,720","2,454,232,520","3,198,034,500","2,900,872,370","2,109,822,110","2,036,295,840","2,305,500,000","2,664,093,320","2,739,022,790","2,885,187,490"
"경기도","렌터카","566,967,072","664,196,021","747,960,990","879,660,105","977,682,081","1,069,618,445","1,120,864,704","1,242,383,920","1,264,537,865","1,617,999,676","1,667,049,402","1,760,306,522","1,867,223,538","1,982,573,691","2,029,472,526","2,115,417,572","2,201,297,664","2,292,716,186","2,399,635,208","2,517,937,448","2,601,012,844","2,693,575,272","2,870,436,214","2,938,418,449","3,003,323,942","3,132,379,972","3,221,894,855","3,308,782,338","3,396,183,178"
"경기도","레저스포츠","14,902,800,350","16,239,005,528","29,207,874,330","32,101,561,181","37,140,422,829","38,765,245,090","35,058,450,619","34,218,110,824","33,852,767,625","37,656,059,731","31,720,418,774","19,286,838,595","19,345,232,785","17,778,984,814","26,409,676,083","33,203,811,044","37,832,844,766","37,657,798,783","35,676,983,821","28,011,248,852","29,187,586,099","37,870,822,059","31,115,425,682","11,442,860,660","8,110,755,678","16,947,796,687","31,378,701,790","35,835,690,821","37,353,209,732"
"경기도","면세점","421,570","2,484,210","5,400,300","6,093,250","4,751,010","2,802,940","11,115,250","11,896,040","18,370,060","15,196,970","9,392,140","3,555,790","2,649,470","0","0","0","0","0","0","0","0","0","0","0","0","0","0","0","0"
"경기도","문화서비스","3,757,137,864","4,831,217,316","4,759,880,140","5,607,985,186","7,128,678,113","7,350,844,377","6,289,656,725","8,298,720,932","5,516,234,868","6,909,376,569","4,806,887,581","5,090,007,420","3,681,003,187","1,684,836,480","1,092,268,270","1,487,542,590","2,392,545,482","1,642,509,506","2,378,564,316","2,157,438,734","1,274,953,078","3,275,237,951","1,410,530,596","409,667,395","524,808,298","1,393,309,445","1,391,452,257","2,836,542,480","3,197,590,750"
"경기도","쇼핑(면세점 제외)","73,596,738,970","72,806,423,009","85,228,152,931","75,126,330,828","82,971,087,933","74,847,377,870","66,436,570,556","68,965,768,794","75,860,525,085","76,127,617,410","76,897,992,333","75,522,222,735","69,945,882,563","48,845,174,944","52,879,884,434","63,061,472,035","74,852,196,505","63,754,884,516","61,578,554,398","58,919,795,610","69,640,791,538","80,823,631,290","64,552,332,615","59,239,229,370","57,704,954,998","60,947,695,810","66,783,460,305","65,487,039,802","73,874,118,951"
"경기도","식음료","189,191,561,130","171,063,911,906","206,812,996,147","198,385,697,415","220,437,271,668","210,573,665,416","208,502,111,215","221,276,223,966","190,722,152,347","206,792,003,882","193,102,253,095","207,204,854,284","183,779,598,076","151,643,923,506","153,482,294,890","175,015,235,810","203,469,509,134","185,528,213,283","201,770,545,436","181,006,635,110","156,962,641,065","188,899,319,797","163,776,040,723","121,486,274,349","125,033,148,585","136,312,431,854","164,375,683,290","170,886,801,563","188,451,542,593"
"강원도","총소비","33,702,090,963","32,590,638,789","30,445,761,962","26,648,500,080","36,073,819,843","37,753,715,368","41,345,505,298","60,450,835,828","32,045,977,633","37,353,775,725","30,611,082,833","33,398,044,098","35,786,826,786","22,963,061,275","19,922,619,820","25,199,111,097","35,690,259,374","34,334,983,279","40,671,023,472","50,233,031,291","27,338,326,025","38,273,820,898","26,941,643,374","17,869,675,462","16,357,218,023","24,277,850,242","22,588,698,535","28,901,671,890","35,558,972,831"
"강원도","숙박업","5,694,542,644","5,466,289,430","2,564,486,742","1,892,136,365","2,956,963,710","3,482,950,283","5,228,726,761","8,801,738,567","2,951,850,754","3,404,166,814","2,415,529,471","5,082,166,620","6,462,413,211","3,376,439,436","1,208,585,494","1,249,286,420","2,440,406,502","2,500,552,081","4,121,154,041","6,257,661,139","1,725,660,263","2,992,471,665","1,743,887,201","1,324,601,655","1,248,098,955","2,002,554,507","1,369,221,341","1,968,080,357","2,920,968,461"
"강원도","여행업","33,478,350","51,564,650","38,943,750","22,666,600","62,825,700","70,537,700","56,184,090","158,881,410","67,594,470","132,161,940","60,764,350","59,038,890","49,342,500","54,559,810","41,711,000","15,267,700","61,166,850","59,187,570","61,628,450","111,495,800","49,605,240","187,620,440","66,298,610","18,080,290","23,189,540","47,747,260","15,294,480","36,866,100","68,514,950"
"강원도","대중교통","424,400","111,600","1,187,980","1,296,600","3,383,600","3,444,540","3,669,020","10,769,350","2,362,100","13,339,500","4,093,200","323,800","287,300","201,700","169,000","361,100","1,498,600","1,597,000","1,249,000","1,810,400","285,000","12,129,200","1,307,200","17,200","92,000","584,500","60,000","843,500","1,711,700"
"강원도","레저스포츠","2,503,883,239","2,573,649,249","3,665,116,545","4,732,324,189","6,341,386,477","6,878,274,224","6,039,397,618","7,071,576,785","5,245,246,398","6,511,053,863","4,880,398,878","2,727,872,453","2,911,867,151","2,167,105,428","3,707,740,419","5,484,541,673","6,719,817,670","6,813,558,288","6,731,718,205","6,460,342,692","5,894,669,044","7,090,323,918","4,993,360,647","1,869,718,528","1,314,921,020","2,473,109,028","4,516,067,253","6,459,604,175","7,280,137,372"
"강원도","면세점","1,786,830","918,590","1,207,000","3,519,670","3,009,400","5,406,580","5,594,030","10,097,080","835,000","5,094,200","21,688,000","48,086,970","56,689,070","227,220","0","0","0","0","0","0","0","0","0","0","0","0","0","0","0"
"강원도","문화서비스","1,382,650,590","1,184,900,840","332,674,370","243,974,900","507,314,220","927,949,710","1,608,840,713","2,625,634,785","491,398,950","449,617,920","327,710,430","1,014,949,019","1,384,978,540","613,312,560","42,499,580","55,045,180","168,829,958","214,680,280","400,983,120","764,657,370","111,660,080","275,403,090","103,030,590","142,093,510","106,708,490","210,987,460","59,384,850","93,676,200","147,338,090"
"강원도","쇼핑(면세점 제외)","2,899,638,477","2,996,427,788","2,804,861,783","2,193,861,054","2,894,131,260","2,577,098,168","2,881,773,593","3,443,243,985","2,675,701,969","2,277,052,103","2,459,201,971","2,708,928,634","2,874,830,398","1,724,230,853","1,513,078,490","1,904,195,688","2,662,815,410","2,286,803,380","2,481,789,641","2,813,248,485","2,222,833,147","2,531,702,015","1,839,161,725","1,944,680,194","1,834,552,255","2,078,855,672","1,896,389,063","1,941,822,543","2,299,346,573"
"강원도","식음료","21,185,686,433","20,315,735,942","21,031,748,792","17,557,765,702","23,301,971,576","23,807,594,163","25,520,766,273","38,327,675,091","20,610,987,992","24,561,033,385","20,426,050,233","21,744,267,412","22,042,592,816","15,025,129,568","13,406,535,837","16,474,979,136","23,633,019,184","22,453,476,680","26,872,014,415","33,821,507,905","17,332,538,651","25,182,109,570","18,191,748,401","12,567,782,935","11,829,655,763","17,463,463,765","14,732,032,148","18,399,165,655","22,840,565,685"
"강원도","렌터카","0","1,040,700","5,535,000","955,000","2,833,900","460,000","553,200","1,218,775","0","256,000","826,000","3,413,300","440,000","0","2,300,000","1,739,000","629,600","5,128,000","486,600","2,307,500","1,074,600","2,061,000","2,849,000","2,701,150","0","548,050","249,400","1,613,360","390,000"
"강원도","항공사","0","0","0","0","0","0","0","0","0","0","14,820,300","8,997,000","3,385,800","1,854,700","0","13,695,200","2,075,600","0","0","0","0","0","0","0","0","0","0","0","0"
"충청북도","총소비","23,184,073,181","23,077,985,809","28,211,632,527","28,023,478,278","31,980,509,774","30,468,416,809","28,756,633,069","31,580,826,816","28,830,813,866","31,289,742,393","29,171,235,785","26,559,460,363","24,237,992,971","18,930,383,484","19,947,246,302","25,053,462,003","31,023,180,696","27,996,407,431","27,900,800,197","27,110,507,583","25,225,985,246","29,322,346,708","25,590,487,338","16,214,373,745","15,180,275,303","18,814,154,767","24,191,892,334","26,260,264,769","29,394,238,717"
"충청북도","숙박업","488,555,871","480,276,278","507,553,723","433,864,998","515,720,557","510,917,213","559,284,601","737,029,589","461,717,750","509,943,795","467,138,946","544,795,517","483,056,494","342,447,641","265,613,230","276,778,458","412,636,684","362,087,052","429,800,842","509,051,855","314,546,410","368,527,483","335,942,432","246,753,457","262,784,350","262,261,672","271,576,400","291,078,560","370,283,609"
"충청북도","레저스포츠","860,188,887","1,174,383,708","3,022,646,616","3,571,792,563","4,686,526,002","4,813,256,226","3,829,069,370","3,781,073,313","4,157,634,918","5,227,295,685","4,353,204,067","1,651,793,571","1,462,893,842","1,742,275,913","3,316,085,183","4,724,708,041","5,707,895,605","5,593,015,649","4,798,183,242","3,962,479,156","4,946,292,330","6,177,288,852","4,920,275,549","1,698,679,942","1,161,247,282","2,531,616,227","4,834,454,411","6,049,413,290","6,504,674,290"
"충청북도","면세점","11,652,845","2,644,327","4,173,352","3,739,529","802,110","4,835,060","3,114,190","5,021,940","4,965,400","8,537,840","1,870,830","1,121,880","4,196,570","583,470","0","0","0","0","0","0","0","0","0","0","0","0","0","0","0"
"충청북도","문화서비스","262,000,450","330,079,950","219,030,340","194,248,250","285,918,140","342,315,610","326,820,250","427,335,300","245,669,740","203,159,250","255,429,650","299,227,550","247,533,350","117,348,000","18,996,700","14,167,900","45,133,150","70,007,850","125,346,800","162,203,050","34,592,700","94,923,200","57,807,450","7,563,700","11,132,900","40,911,550","40,050,250","47,753,870","95,636,150"
"충청북도","쇼핑(면세점 제외)","3,822,876,693","3,871,434,832","4,237,491,574","3,724,266,115","4,196,087,308","3,779,905,463","3,624,514,721","3,714,570,597","4,369,706,292","4,245,342,723","4,333,103,852","4,154,186,066","4,020,005,208","2,828,248,736","2,978,024,357","3,463,141,493","4,331,747,219","3,488,547,225","3,309,452,398","3,343,595,414","3,739,337,200","3,805,388,300","3,188,830,404","3,032,380,644","2,999,376,092","3,148,934,220","3,254,402,035","3,163,088,915","3,619,451,157"
"충청북도","식음료","17,738,798,435","17,219,166,714","20,216,748,422","20,093,867,823","22,291,677,657","21,014,717,237","20,412,728,937","22,912,826,077","19,588,749,566","21,090,366,600","19,757,577,940","19,908,335,779","18,020,102,507","13,899,479,724","13,368,526,832","16,574,239,111","20,524,065,038","18,481,807,655","19,236,818,915","19,132,380,108","16,189,279,606","18,871,331,873","17,085,352,503","11,228,996,002","10,745,019,679","12,829,406,098","15,791,289,238","16,707,594,206","18,801,199,711"
"충청북도","여행업","0","0","2,809,000","0","0","480,000","640,000","0","0","0","0","0","0","0","0","0","0","0","0","0","0","0","0","0","0","0","0","174,800","318,800"
"충청북도","대중교통","0","0","1,179,500","1,699,000","3,333,000","1,990,000","461,000","2,970,000","2,282,000","3,906,500","2,065,500","0","0","0","0","427,000","1,703,000","942,000","973,000","798,000","687,000","4,887,000","2,279,000","0","0","0","120,000","1,161,128","2,675,000"
"충청북도","렌터카","0","0","0","0","445,000","0","0","0","88,200","1,190,000","845,000","0","205,000","0","0","0","0","0","225,000","0","1,250,000","0","0","0","715,000","1,025,000","0","0","0"
"충청남도","총소비","33,580,806,526","32,377,549,931","40,204,685,169","38,986,789,966","43,459,680,866","40,852,215,190","39,218,271,461","45,282,734,822","37,919,501,374","40,437,664,800","37,645,679,792","36,818,051,986","34,008,118,085","25,416,395,037","24,632,406,871","32,081,941,558","40,239,522,688","35,302,427,026","36,380,725,455","37,054,698,629","31,526,398,962","36,090,342,900","29,941,144,772","24,221,151,144","22,684,023,933","25,526,312,337","30,917,831,426","33,341,730,319","36,999,563,550"
"충청남도","숙박업","1,151,237,713","1,065,180,257","1,188,578,586","1,042,386,609","1,280,074,616","1,305,488,256","1,574,542,371","2,244,685,204","1,067,556,166","1,116,545,717","1,177,731,790","1,148,929,778","1,050,373,291","717,673,061","468,260,526","567,934,822","852,615,074","797,326,328","910,530,970","1,184,783,622","730,920,885","894,726,403","658,899,619","558,391,001","495,941,534","582,634,627","681,685,331","785,596,745","1,034,984,406"
"충청남도","여행업","2,888,100","3,658,050","16,030,800","18,032,800","12,811,700","12,657,100","814,600","9,289,500","18,751,500","17,029,600","20,607,000","10,058,600","7,888,700","5,734,500","3,786,100","2,859,000","3,719,300","1,119,100","623,700","408,100","422,500","512,300","826,900","142,500","55,500","0","166,900","251,000","315,000"
"충청남도","항공사","769,000","0","2,766,000","1,946,000","0","0","1,916,000","960,000","349,000","0","546,000","0","0","0","0","0","0","0","0","0","0","0","0","0","0","0","0","0","0"
"충청남도","레저스포츠","1,508,220,339","1,581,668,827","2,273,378,590","2,340,898,486","2,905,503,403","3,030,410,797","2,824,330,345","3,007,591,198","2,665,713,082","2,877,739,142","2,410,002,802","2,023,004,560","2,078,518,967","1,717,021,295","2,001,272,100","2,518,450,527","3,019,640,702","2,816,355,525","2,738,635,441","2,422,483,801","2,262,855,067","2,759,640,568","2,174,677,238","1,522,181,023","1,374,856,595","1,722,877,222","2,409,696,876","2,616,513,857","2,948,127,771"
"충청남도","문화서비스","269,226,500","319,864,625","280,163,060","232,400,960","331,716,728","367,448,430","370,703,520","479,511,030","295,583,510","348,899,850","336,892,250","362,903,025","287,459,440","153,708,570","34,221,650","27,981,600","66,415,863","83,899,970","142,343,250","172,262,650","49,168,599","136,687,200","61,264,850","19,230,550","26,735,210","61,890,000","65,211,250","59,365,600","111,548,630"
"충청남도","쇼핑(면세점 제외)","5,712,941,486","5,549,607,605","6,266,072,557","5,293,244,772","6,176,575,217","5,752,078,310","5,511,319,344","5,945,330,481","5,780,483,117","5,308,326,368","5,315,796,079","5,445,289,684","5,492,351,595","3,811,611,504","3,685,790,303","4,513,015,923","5,718,193,570","4,861,682,223","4,897,891,116","5,115,344,422","5,242,546,561","5,044,802,652","4,011,111,511","4,487,087,483","4,342,482,914","4,221,834,352","4,181,296,065","4,182,866,460","4,850,710,946"
"충청남도","식음료","24,935,523,388","23,857,453,567","30,177,325,576","30,057,625,839","32,750,313,902","30,383,685,597","28,934,125,281","33,593,818,259","28,089,973,499","30,767,923,523","28,383,254,171","27,827,374,039","25,090,580,492","19,009,824,507","18,438,918,618","24,450,642,086","30,577,331,579","26,737,594,580","27,689,066,778","28,152,067,953","23,238,433,750","27,251,751,977","23,033,288,754","17,633,585,287","16,428,029,380","18,905,328,836","23,524,567,804","25,679,830,957","28,051,104,297"
"충청남도","대중교통","0","117,000","370,000","254,500","2,685,300","446,700","520,000","842,900","1,091,500","1,200,600","849,700","492,300","945,600","821,600","157,574","1,057,600","1,606,600","1,749,300","1,634,200","1,952,100","2,051,600","2,221,800","1,075,900","533,300","441,200","552,500","930,600","1,296,100","2,772,500"
"충청남도","렌터카","0","0","0","0","0","0","0","706,250","0","0","0","0","0","0","0","0","0","2,700,000","0","5,395,981","0","0","0","0","15,481,600","31,194,800","54,276,600","16,009,600","0"
"전라북도","총소비","30,819,949,896","29,824,556,824","32,951,553,972","31,531,859,295","36,240,217,560","32,998,044,051","32,570,029,198","36,229,462,698","31,673,243,178","34,089,537,882","33,217,019,820","33,098,401,150","30,904,097,808","21,495,506,793","22,480,207,461","25,844,662,503","33,362,432,645","28,152,978,916","28,121,038,205","30,112,165,689","25,327,423,222","29,602,045,245","26,464,998,666","18,626,913,429","19,667,577,175","24,591,782,555","27,995,210,824","27,186,064,457","31,981,377,194"
"전라북도","숙박업","1,692,495,895","1,245,157,492","799,471,501","649,655,009","737,540,990","723,914,535","847,177,675","1,118,296,546","638,405,357","689,209,525","708,834,203","1,269,706,088","1,707,009,419","893,136,875","415,287,257","450,603,730","607,964,287","530,291,749","610,658,401","838,168,169","416,497,325","551,879,836","579,287,970","512,311,924","651,714,223","654,067,223","580,498,794","507,932,661","699,942,791"
"전라북도","여행업","8,881,000","516,000","0","0","143,000","0","71,800","0","0","190,320","252,000","0","726,880","0","0","107,000","0","0","0","189,000","519,000","975,100","2,751,600","30,500","270,100","0","3,050,000","3,194,800","3,418,400"
"전라북도","대중교통","2,362,300","771,400","1,053,900","4,470,600","5,237,200","3,544,700","1,123,600","5,096,500","2,022,800","641,600","3,602,400","161,100","0","0","0","0","0","0","198,300","83,200","0","39,500","0","0","0","19,000","41,600","0","0"
"전라북도","렌터카","4,087,000","705,000","3,685,000","2,337,000","1,877,000","0","790,000","1,270,400","1,889,000","342,000","655,000","543,500","996,000","0","475,000","865,537","0","504,000","0","3,119,494","1,368,000","1,607,000","493,000","342,940","605,346","2,160,000","0","942,000","0"
"전라북도","항공사","2,050,801,219","1,509,476,579","1,574,449,468","1,595,400,170","1,699,784,572","1,657,228,753","2,131,102,750","1,434,795,464","1,199,962,000","1,528,197,970","1,363,157,994","1,909,767,068","1,527,350,604","315,738,302","154,391,282","0","530,200","869,600","0","0","0","0","0","0","0","0","0","0","0"
"전라북도","레저스포츠","1,170,388,567","1,375,809,210","2,052,389,730","2,100,011,869","2,589,717,831","2,803,382,093","2,765,166,857","2,931,468,959","2,632,445,655","3,014,536,384","2,650,480,710","2,005,845,995","1,854,259,211","1,725,984,978","2,332,134,568","2,690,031,872","3,195,697,498","3,047,128,456","2,802,058,297","2,664,198,919","2,653,610,401","3,287,503,010","2,726,073,809","1,894,152,770","1,535,632,876","2,337,173,680","3,151,518,682","3,397,467,339","3,813,423,707"
"전라북도","문화서비스","398,278,750","444,719,700","297,060,000","256,912,850","378,317,300","455,391,392","438,976,810","586,800,775","315,805,413","424,465,860","389,631,847","416,679,550","341,603,250","161,597,820","53,455,750","32,151,650","70,015,140","93,460,150","148,918,780","200,417,020","64,908,500","139,096,350","126,639,700","21,030,200","30,852,100","82,636,350","82,711,850","79,921,935","131,344,973"
"전라북도","쇼핑(면세점 제외)","5,279,462,797","5,403,271,056","5,735,940,604","5,072,385,462","5,890,565,033","5,039,448,289","4,781,707,204","4,876,391,133","5,534,639,657","5,147,037,032","5,358,452,193","5,128,200,885","5,052,143,037","3,152,726,234","3,582,476,185","3,981,349,669","5,525,955,942","4,146,706,649","3,826,950,125","3,888,896,473","4,479,539,321","4,519,922,838","3,774,855,239","3,704,645,871","3,688,607,493","4,116,809,645","4,041,086,085","3,713,193,055","4,305,633,342"
"전라북도","식음료","20,213,192,368","19,844,130,387","22,485,368,419","21,843,010,435","24,929,833,974","22,308,364,609","21,593,450,892","25,263,803,141","21,340,555,046","23,276,617,321","22,734,219,883","22,366,980,444","20,420,009,407","15,246,322,584","15,941,987,419","18,689,553,045","23,962,269,578","20,334,018,312","20,732,254,302","22,517,093,414","17,710,980,675","21,101,021,611","19,254,897,348","12,494,399,224","13,759,895,037","17,398,916,657","20,136,303,813","19,483,412,667","23,027,613,981"
"전라북도","면세점","0","0","2,135,350","7,675,900","7,200,660","6,769,680","10,461,610","11,539,780","7,518,250","8,299,870","7,733,590","516,520","0","0","0","0","0","0","0","0","0","0","0","0","0","0","0","0","0"
"전라남도","총소비","23,809,911,941","24,679,111,970","29,517,435,736","27,697,499,724","32,623,488,929","30,216,809,934","30,527,513,930","38,667,154,005","28,054,059,769","31,665,854,236","30,560,161,609","28,617,930,372","26,845,555,188","20,686,791,479","22,562,209,561","26,713,413,801","36,049,559,002","29,837,252,640","28,689,317,947","36,128,638,910","23,887,569,696","31,896,076,503","25,607,539,124","20,135,986,378","18,224,802,457","22,056,376,160","26,729,824,016","27,651,135,525","31,053,032,696"
"전라남도","숙박업","973,952,706","997,249,347","968,516,285","911,473,302","1,041,337,231","1,200,266,880","1,565,883,211","2,771,746,825","1,171,814,099","1,264,450,516","1,205,958,596","1,426,494,498","1,311,428,902","976,716,858","679,213,667","844,639,133","1,401,977,964","1,249,571,045","1,404,772,420","2,442,963,485","733,243,861","1,272,423,061","1,023,124,850","754,196,833","674,747,325","854,596,660","887,552,528","991,646,490","1,334,554,598"
"전라남도","여행업","1,049,000","1,250,000","2,711,050","2,912,000","11,056,850","5,357,500","655,000","2,468,750","2,936,500","4,592,400","2,725,200","741,000","499,000","422,500","2,340,000","4,307,000","16,457,450","4,002,000","2,267,000","3,642,500","3,149,000","7,936,000","2,043,800","552,500","546,500","3,629,000","3,513,700","6,342,100","15,540,400"
"전라남도","대중교통","19,308,560","18,352,770","21,743,980","52,123,990","36,315,960","22,918,480","19,598,210","25,086,720","24,473,030","32,540,940","24,126,300","15,384,920","16,302,590","11,715,470","15,281,800","17,925,260","27,722,680","19,127,618","18,174,220","33,877,254","17,523,540","40,126,770","36,467,230","11,971,030","10,509,940","11,822,640","12,759,500","5,256,510","6,853,240"
"전라남도","렌터카","1,097,500","1,001,624","5,074,867","2,375,585","1,555,000","4,573,700","1,974,500","1,866,400","667,162","0","961,000","3,176,300","0","3,014,474","0","0","0","2,331,003","2,679,907","0","671,950","0","821,600","190,400","875,700","347,150","2,065,290","397,000","582,000"
"전라남도","레저스포츠","1,880,686,070","2,217,452,818","3,401,460,248","3,536,334,453","4,238,209,308","4,370,684,419","4,014,326,780","4,137,298,605","3,899,357,325","4,546,177,852","4,149,273,290","3,056,110,188","2,571,201,580","2,600,568,633","3,672,567,393","4,389,618,521","5,192,391,861","4,717,170,378","4,200,335,202","4,059,827,671","4,058,775,210","4,974,430,479","4,123,426,389","3,153,449,200","2,011,603,068","3,160,365,122","4,226,552,475","4,835,184,829","5,408,840,520"
"전라남도","면세점","47,274,580","47,220,190","28,634,020","31,872,410","32,080,660","37,687,710","32,927,980","48,593,700","20,049,100","27,752,820","27,772,300","27,187,820","47,493,060","7,558,430","0","0","0","0","0","0","0","0","0","0","0","0","0","0","0"
"전라남도","문화서비스","534,657,190","620,994,080","522,860,800","480,611,770","830,143,082","706,186,940","699,193,002","1,313,994,990","616,594,340","723,871,780","611,668,050","638,465,630","627,668,882","276,172,180","116,088,800","157,922,420","465,477,662","315,368,990","360,022,630","962,583,960","125,103,804","426,149,450","263,577,095","100,211,988","107,058,450","268,289,980","207,130,350","253,329,940","456,667,080"
"전라남도","쇼핑(면세점 제외)","3,909,975,180","4,441,593,050","4,720,865,982","3,953,852,741","4,680,415,157","4,163,366,963","3,914,496,428","4,063,828,705","4,452,056,872","4,151,734,883","4,519,416,980","4,439,427,600","4,170,626,630","2,640,419,255","2,752,881,041","3,581,528,990","5,203,172,371","3,841,761,317","3,316,583,053","3,382,838,526","3,170,739,746","4,392,793,482","2,864,845,102","3,102,239,815","3,002,737,034","3,389,244,249","3,650,932,883","3,302,509,795","3,620,067,358"
"전라남도","식음료","16,441,911,155","16,333,998,091","19,845,568,504","18,725,943,473","21,752,375,681","19,705,767,342","20,278,458,819","26,302,269,310","17,866,111,341","20,914,733,045","20,018,259,893","19,010,942,416","18,100,334,544","14,170,203,679","15,323,836,860","17,717,472,477","23,742,359,014","19,687,920,289","19,384,483,515","25,242,905,514","15,778,362,585","20,782,217,261","17,293,233,058","13,013,174,612","12,416,724,440","14,368,081,359","17,739,317,290","18,256,468,861","20,209,927,500"
"경상북도","총소비","39,673,615,809","40,419,723,305","49,219,350,739","46,677,634,239","51,795,302,928","48,426,535,482","47,392,115,136","55,470,493,000","46,000,312,814","49,873,383,859","47,526,893,810","44,354,974,831","41,005,389,383","28,715,234,613","23,296,000,347","33,455,134,157","47,093,085,674","42,911,228,977","44,045,982,464","52,987,878,116","39,597,122,950","47,330,769,537","42,535,757,164","30,847,257,345","27,133,003,246","33,429,201,474","40,154,868,631","42,629,280,888","48,534,877,632"
"경상북도","숙박업","1,462,673,309","1,351,660,767","1,434,826,501","1,333,128,501","1,338,438,531","1,385,645,889","1,581,857,662","2,373,694,604","1,140,720,068","1,225,928,394","1,249,634,056","1,570,340,895","1,460,616,746","709,403,286","349,405,527","423,478,079","848,265,152","852,458,710","1,140,770,458","1,908,174,623","689,310,970","1,086,468,332","1,026,289,160","749,003,444","589,343,843","721,199,983","806,571,871","922,436,635","1,138,618,216"
"경상북도","대중교통","1,755,400","2,709,300","3,798,000","3,893,100","4,920,600","6,142,100","5,777,800","7,001,700","4,375,600","1,750,000","1,078,000","960,000","1,805,000","117,000","0","0","987,000","1,072,000","1,263,000","1,312,000","359,000","962,000","271,000","0","0","656,000","0","532,000","808,000"
"경상북도","레저스포츠","3,516,773,080","4,227,833,178","6,775,145,806","7,246,420,027","8,484,688,541","8,603,632,195","8,214,663,751","7,877,081,536","7,297,678,642","8,459,257,484","7,572,995,195","5,310,348,959","4,117,556,029","4,407,103,775","4,986,570,285","7,268,788,017","9,165,628,910","8,714,035,725","7,920,326,321","8,230,773,416","8,032,404,624","9,316,422,362","7,985,751,110","5,328,109,170","3,784,442,796","5,825,413,792","7,976,943,321","9,103,387,473","10,091,564,759"
"경상북도","문화서비스","455,207,500","536,509,764","458,420,250","408,860,467","534,803,974","583,967,930","507,483,870","730,821,513","419,554,830","597,172,690","507,709,250","485,841,185","407,038,350","192,824,570","23,527,300","55,706,120","162,833,400","141,411,520","257,852,010","450,595,125","110,721,670","431,896,941","259,009,300","54,203,340","67,528,670","186,076,399","150,950,070","223,213,170","318,574,630"
"경상북도","쇼핑(면세점 제외)","6,084,954,991","6,198,515,601","6,654,503,911","5,808,504,499","6,660,585,902","5,887,871,164","5,769,101,523","6,144,383,663","6,442,896,271","5,825,760,177","6,275,647,263","6,009,369,701","6,062,682,884","3,922,866,283","3,797,882,263","4,932,074,636","6,789,148,461","5,525,810,783","5,144,613,063","5,699,391,177","5,745,263,908","5,490,552,518","4,959,773,857","4,929,646,970","4,655,051,623","4,653,672,158","4,818,766,381","4,505,526,000","5,318,065,422"
"경상북도","식음료","28,152,251,529","28,101,949,695","33,891,662,271","31,876,733,145","34,767,122,380","31,958,265,204","31,311,600,030","38,335,642,984","30,694,082,403","33,762,900,114","31,919,115,046","30,978,114,091","28,955,555,574","19,482,919,699","14,138,614,972","20,775,087,305","30,126,062,751","27,676,394,239","29,580,802,112","36,695,583,775","25,018,487,778","31,001,691,584","28,304,662,737","19,786,294,421","18,036,636,314","22,039,885,142","26,400,882,988","27,873,586,110","31,667,220,105"
"경상북도","여행업","0","213,000","0","0","4,000,000","670,000","706,500","437,000","0","0","0","0","0","0","0","0","0","46,000","355,500","1,931,000","0","0","0","0","0","0","0","0","26,500"
"경상북도","렌터카","0","332,000","994,000","94,500","743,000","341,000","924,000","1,430,000","1,005,000","615,000","715,000","0","134,800","0","0","0","160,000","0","0","117,000","575,000","2,775,800","0","0","0","2,298,000","754,000","599,500","0"
"경상남도","총소비","52,947,884,248","51,985,944,129","60,451,176,422","56,292,181,675","63,070,489,896","59,540,695,669","58,980,766,723","67,288,946,195","55,040,013,131","58,457,225,668","57,032,041,742","58,035,650,251","52,688,255,269","41,658,307,158","39,758,974,957","48,032,466,480","62,822,117,988","55,658,681,240","57,401,544,802","64,130,793,641","49,717,881,440","58,168,008,846","49,078,090,365","37,986,589,116","38,199,603,089","42,370,287,952","49,181,500,376","50,176,858,543","57,292,879,694"
"경상남도","숙박업","1,908,946,613","1,839,459,558","1,716,622,580","1,621,475,411","1,719,726,880","1,821,575,334","1,991,295,938","2,672,644,777","1,601,594,426","1,555,415,165","1,550,568,099","1,839,809,446","1,739,859,720","1,226,537,442","905,711,547","992,282,796","1,463,825,452","1,317,161,917","1,624,195,093","2,042,939,527","978,182,263","1,159,241,956","1,134,677,812","915,909,244","916,385,779","924,187,714","928,365,352","1,006,803,607","1,196,075,279"
"경상남도","여행업","2,040,000","9,360,000","6,042,800","1,434,000","153,800","558,000","16,800","11,400","434,000","2,066,800","1,542,500","735,800","79,500","314,000","0","1,354,200","73,500","328,000","209,900","2,000,000","1,607,600","766,800","289,400","499,100","516,200","413,200","1,305,100","6,250,600","4,795,700"
"경상남도","대중교통","85,872,200","83,656,600","117,207,540","104,689,432","106,088,450","76,630,268","71,338,470","78,282,700","34,105,850","30,306,050","21,533,500","20,611,300","17,410,950","10,921,300","18,340,300","29,130,800","35,588,950","20,080,550","17,876,700","37,468,200","17,450,850","33,038,950","26,945,100","22,274,300","15,662,150","20,572,800","21,690,040","24,879,450","27,163,100"
"경상남도","레저스포츠","4,469,134,746","5,263,763,012","6,617,656,903","6,916,791,910","8,085,121,417","8,513,125,826","8,188,902,304","8,365,643,517","7,458,791,448","8,227,549,673","7,720,118,867","6,654,360,725","5,572,346,584","5,631,556,494","6,015,515,970","7,708,615,208","9,150,924,179","8,354,688,871","8,122,222,059","8,105,351,671","7,189,691,845","9,073,549,038","7,550,392,860","6,123,648,933","5,070,526,777","6,276,757,920","7,811,318,758","8,655,688,148","9,710,747,218"
"경상남도","문화서비스","598,279,520","734,690,157","473,776,270","432,663,300","644,501,474","726,802,307","708,835,206","989,511,035","746,821,850","660,359,929","654,982,500","666,080,800","572,901,768","293,225,050","69,041,000","60,706,700","232,494,665","183,317,515","287,931,850","410,872,960","107,591,390","284,024,130","200,418,985","38,639,060","54,559,135","119,330,350","120,676,034","107,706,885","195,997,837"
"경상남도","쇼핑(면세점 제외)","8,572,169,025","8,341,122,052","9,220,079,733","8,105,223,562","9,430,051,048","8,372,355,833","8,005,731,298","8,717,618,690","8,858,355,441","7,978,208,204","8,503,023,440","7,993,020,905","7,730,142,788","5,266,699,343","5,350,122,078","6,452,030,976","9,344,174,728","8,189,548,314","7,876,506,433","8,819,086,018","9,099,679,895","8,722,077,420","7,360,128,668","7,638,294,602","7,754,979,862","7,403,795,073","7,472,088,676","7,132,040,789","8,427,494,644"
"경상남도","식음료","37,311,442,144","35,711,013,436","42,299,395,596","39,107,740,860","43,083,606,727","40,028,062,101","40,014,646,707","46,463,139,726","36,334,566,066","40,002,376,847","38,576,510,436","40,860,243,875","37,052,235,959","29,228,186,529","27,400,244,062","32,786,887,981","42,592,440,014","37,592,111,073","39,468,357,767","44,710,184,065","32,321,441,097","38,893,384,552","32,802,153,540","23,245,359,677","24,386,973,186","27,622,759,195","32,822,675,416","33,238,396,064","37,724,011,266"
"경상남도","렌터카","0","2,879,314","395,000","2,163,200","1,240,100","1,586,000","0","2,094,350","5,344,050","943,000","3,762,400","787,400","3,278,000","867,000","0","1,457,819","2,596,500","1,445,000","4,245,000","2,891,200","2,236,500","1,926,000","3,084,000","1,964,200","0","2,471,700","3,381,000","5,093,000","6,594,650"
"제주특별자치도","총소비","40,030,727,101","40,834,024,061","42,737,673,183","45,108,074,492","48,364,148,497","47,484,758,749","50,401,951,057","59,000,045,887","41,039,373,873","48,868,830,428","45,667,063,418","45,754,408,556","38,590,647,097","18,966,282,346","16,288,050,121","18,515,120,190","29,455,327,617","30,821,841,047","36,401,231,316","44,083,368,537","26,747,992,746","37,747,414,539","38,449,331,436","22,349,214,046","17,369,570,505","28,162,060,582","36,006,295,614","44,503,848,945","46,716,977,435"
"제주특별자치도","숙박업","2,921,671,641","4,119,477,619","3,451,631,177","4,048,358,163","4,643,399,082","4,294,737,849","5,952,159,791","7,816,285,157","3,982,371,036","4,644,220,979","4,252,941,274","4,237,401,607","3,118,870,947","1,332,851,936","960,424,580","1,117,882,846","2,055,078,006","2,230,495,085","3,426,596,387","4,981,952,054","2,711,830,977","3,333,828,303","3,256,333,539","1,582,843,652","1,035,540,760","2,743,212,488","2,778,342,090","3,693,366,037","4,538,778,517"
"제주특별자치도","여행업","106,221,786","48,420,505","78,833,260","60,751,002","55,515,911","64,408,924","109,988,064","132,919,437","44,988,650","36,066,340","33,829,989","20,345,700","22,052,520","21,683,400","20,256,455","22,368,015","26,052,248","12,884,455","37,910,175","58,821,016","11,562,499","17,524,670","17,485,342","6,415,590","5,521,840","6,789,600","18,409,350","49,344,150","49,846,480"
"제주특별자치도","대중교통","595,000","3,557,200","1,853,000","5,560,500","9,431,100","5,681,600","10,894,000","20,111,400","9,938,600","8,965,900","2,427,500","739,500","1,246,930","507,700","1,502,000","1,795,500","214,000","1,490,500","2,229,300","6,292,300","1,290,500","5,200,300","1,338,000","1,200,500","496,000","1,136,000","915,500","3,790,500","3,146,500"
"제주특별자치도","렌터카","548,217,458","583,990,292","548,172,849","605,448,843","754,212,008","785,941,714","1,075,981,469","1,561,391,660","685,524,855","930,484,791","698,909,580","935,579,219","812,890,257","335,305,291","288,221,048","394,171,881","565,156,770","713,079,469","989,985,834","1,756,390,531","726,090,900","1,098,367,488","1,233,231,743","462,576,681","270,964,516","676,838,309","914,634,365","1,561,077,359","1,588,159,383"
"제주특별자치도","항공사","3,751,321,847","2,892,177,528","2,992,777,521","2,930,035,592","2,887,932,730","3,414,471,118","3,708,333,742","2,786,315,875","2,155,108,881","1,975,280,776","2,261,922,719","3,012,098,997","2,054,808,218","609,032,494","173,197,318","382,987,665","707,992,130","971,396,498","1,441,952,400","866,492,600","708,820,700","1,342,885,400","1,092,633,603","456,392,800","534,848,700","1,255,612,550","1,880,585,000","1,722,973,528","1,450,804,613"
"제주특별자치도","카지노","12,000,000","73,400,000","62,000,000","24,000,000","93,000,000","334,000,000","231,000,000","218,700,000","401,400,000","76,500,000","140,500,000","222,400,000","246,500,000","127,500,000","0","0","0","0","0","0","0","0","0","0","0","0","0","0","0"
"제주특별자치도","레저스포츠","1,372,749,439","1,601,765,623","2,062,720,697","2,300,551,201","2,786,153,928","2,898,012,324","2,429,218,727","2,727,510,575","2,227,219,892","2,826,206,764","2,716,934,954","2,140,840,895","1,657,169,899","1,557,848,344","1,920,951,289","2,273,338,836","3,106,618,590","2,885,871,682","2,763,996,714","3,066,560,812","2,378,725,529","3,174,533,333","2,590,842,339","1,746,001,158","1,306,764,937","2,121,102,931","2,625,370,701","3,069,233,252","3,522,628,737"
"제주특별자치도","면세점","13,354,198,442","13,971,222,981","14,954,867,720","15,402,484,491","15,945,552,647","13,950,046,386","14,361,290,096","16,315,566,621","13,146,914,964","15,962,972,069","15,084,600,900","14,950,223,326","10,820,386,683","3,924,238,901","2,940,079,676","3,518,591,525","6,558,728,176","7,013,480,282","7,178,445,926","7,356,967,459","4,603,750,880","6,609,414,495","7,444,706,128","5,481,030,196","4,312,265,239","6,036,691,596","8,918,963,241","10,739,123,675","9,947,685,019"
"제주특별자치도","문화서비스","543,733,645","680,361,710","545,400,418","699,680,266","885,275,102","838,800,195","840,045,668","1,088,879,980","660,647,463","899,013,020","774,316,065","751,589,360","795,163,140","219,453,950","113,929,915","147,243,955","338,835,010","309,064,615","411,893,110","636,412,495","189,676,505","461,082,050","441,371,140","163,267,720","128,554,210","318,257,590","331,498,600","509,269,049","690,889,520"
"제주특별자치도","쇼핑(면세점 제외)","2,085,108,966","2,100,402,835","2,336,435,202","2,481,578,305","2,850,364,229","2,745,184,887","2,804,452,955","3,120,051,011","2,273,776,180","2,669,247,816","2,310,418,139","2,133,479,563","1,998,981,163","927,888,010","868,779,115","983,714,616","1,348,405,802","1,305,616,978","1,527,775,344","1,990,193,897","1,323,747,420","1,673,455,130","1,780,952,767","1,196,418,019","954,153,704","1,274,815,861","1,409,832,655","1,713,222,290","1,960,448,166"
"제주특별자치도","식음료","15,334,908,877","14,759,247,768","15,702,981,339","16,549,626,129","17,453,311,760","18,153,473,752","18,878,586,545","23,212,314,171","15,451,483,352","18,839,871,973","17,390,262,298","17,349,710,389","17,062,577,340","9,909,972,320","9,000,708,725","9,673,025,351","14,748,246,885","15,378,461,483","18,620,446,126","23,363,285,373","14,092,496,836","20,031,123,370","20,590,436,835","11,253,067,730","8,820,460,599","13,727,603,657","17,127,744,112","21,442,449,105","22,964,590,500"
