시도,군구,관광지,내/외국인,총계(2019.01 ~ 2020.12),인원계,2019년 01월,2019년 02월,2019년 03월,2019년 04월,2019년 05월,2019년 06월,2019년 07월,2019년 08월,2019년 09월,2019년 10월,2019년 11월,2019년 12월,인원계,2020년 01월,2020년 02월,2020년 03월,2020년 04월,2020년 05월,2020년 06월,2020년 07월,2020년 08월,2020년 09월,2020년 10월,2020년 11월,2020년 12월
충청남도,천안시,각원사,내국인,"211,697","105,259","7,393","7,277","8,226","17,941","14,322","8,724","5,969","6,510","6,333","9,607","7,501","5,456","106,438","7,729","4,797","8,238","21,610","14,643","6,873","6,339","5,270","7,103","12,020","7,035","4,781"
충청남도,천안시,각원사,합계,"211,697","105,259","7,393","7,277","8,226","17,941","14,322","8,724","5,969","6,510","6,333","9,607","7,501","5,456","106,438","7,729","4,797","8,238","21,610","14,643","6,873","6,339","5,270","7,103","12,020","7,035","4,781"
충청남도,천안시,광덕산,내국인,"474,042","222,115","16,400","17,079","19,371","18,145","25,447","21,294","16,392","20,428","16,185","21,109","15,918","14,347","251,927","15,812","14,236","21,493","25,479","26,253","22,482","21,882","18,990","22,430","28,047","17,825","16,998"
충청남도,천안시,광덕산,합계,"474,042","222,115","16,400","17,079","19,371","18,145","25,447","21,294","16,392","20,428","16,185","21,109","15,918","14,347","251,927","15,812","14,236","21,493","25,479","26,253","22,482","21,882","18,990","22,430","28,047","17,825","16,998"
충청남도,천안시,대명리조트 천안,내국인,"428,475","356,515","12,296","20,084","30,268","20,296","22,639","24,612","86,400","122,518","17,402",0,0,0,"71,960",0,0,0,0,0,"11,604","12,356","15,106","7,367","9,938","9,639","5,950"
충청남도,천안시,대명리조트 천안,외국인,"1,115","1,115",48,124,59,147,61,33,32,17,594,0,0,0,0,0,0,0,0,0,0,0,0,0,0,0,0
충청남도,천안시,대명리조트 천안,합계,"429,590","357,630","12,344","20,208","30,327","20,443","22,700","24,645","86,432","122,535","17,996",0,0,0,"71,960",0,0,0,0,0,"11,604","12,356","15,106","7,367","9,938","9,639","5,950"
충청남도,천안시,독립기념관,내국인,"2,374,408","1,780,522","89,359","111,045","180,187","183,437","226,442","128,461","81,304","159,681","106,672","221,626","221,750","70,558","593,886","71,398","30,662",0,"6,222","63,450","61,672","58,893","57,260",0,"107,924","109,758","26,647"
충청남도,천안시,독립기념관,외국인,"16,094","15,461",716,866,"1,852","2,015","1,919","1,056","2,116","1,325",841,848,"1,345",562,633,450,183,0,0,0,0,0,0,0,0,0,0
충청남도,천안시,독립기념관,합계,"2,390,502","1,795,983","90,075","111,911","182,039","185,452","228,361","129,517","83,420","161,006","107,513","222,474","223,095","71,120","594,519","71,848","30,845",0,"6,222","63,450","61,672","58,893","57,260",0,"107,924","109,758","26,647"
충청남도,천안시,유관순열사 생가,내국인,"121,369","88,220","3,655","6,687","14,606","10,812","9,855","8,093","5,782","8,317","5,733","8,316","6,364",0,"33,149","3,013","1,734",0,"2,959","3,051","2,421","2,333","3,133","2,385","5,040","4,196","2,884"
충청남도,천안시,유관순열사 생가,합계,"121,369","88,220","3,655","6,687","14,606","10,812","9,855","8,093","5,782","8,317","5,733","8,316","6,364",0,"33,149","3,013","1,734",0,"2,959","3,051","2,421","2,333","3,133","2,385","5,040","4,196","2,884"
충청남도,천안시,유관순열사사적지,내국인,"137,061","110,020","5,567","13,926","21,083","15,258","14,976","10,036","4,226","5,690","4,985","6,300","5,509","2,464","27,041","3,672","1,999",0,"3,185","2,922","1,980","1,630","1,433","2,717","3,114","2,858","1,531"
충청남도,천안시,유관순열사사적지,합계,"137,061","110,020","5,567","13,926","21,083","15,258","14,976","10,036","4,226","5,690","4,985","6,300","5,509","2,464","27,041","3,672","1,999",0,"3,185","2,922","1,980","1,630","1,433","2,717","3,114","2,858","1,531"
충청남도,천안시,천안박물관,내국인,"198,711","163,588","12,405","12,920","15,819","14,994","16,801","15,339","14,505","16,003","12,855","15,845","8,109","7,993","35,123","4,292","3,702",0,828,"3,919","5,003","2,961","3,384",449,"2,688","3,950","3,947"
충청남도,천안시,천안박물관,합계,"198,711","163,588","12,405","12,920","15,819","14,994","16,801","15,339","14,505","16,003","12,855","15,845","8,109","7,993","35,123","4,292","3,702",0,828,"3,919","5,003","2,961","3,384",449,"2,688","3,950","3,947"
충청남도,천안시,천안상록리조트,내국인,"1,080,285","805,809","103,485","38,314","30,400","54,928","76,893","78,922","108,868","117,340","48,158","67,598","30,347","50,556","274,476","80,304","10,144","13,768","15,089","16,160","16,158","22,679","28,178","20,619","24,968","17,105","9,304"
충청남도,천안시,천안상록리조트,합계,"1,080,285","805,809","103,485","38,314","30,400","54,928","76,893","78,922","108,868","117,340","48,158","67,598","30,347","50,556","274,476","80,304","10,144","13,768","15,089","16,160","16,158","22,679","28,178","20,619","24,968","17,105","9,304"
충청남도,천안시,천안예술의전당,내국인,"130,987","121,911","3,120","2,511","7,940","6,727","28,603","23,315","3,587","6,992","6,199","10,965","11,829","10,123","9,076",792,0,0,0,428,984,"2,602","2,709",159,818,494,90
충청남도,천안시,천안예술의전당,합계,"130,987","121,911","3,120","2,511","7,940","6,727","28,603","23,315","3,587","6,992","6,199","10,965","11,829","10,123","9,076",792,0,0,0,428,984,"2,602","2,709",159,818,494,90
충청남도,천안시,천안홍대용과학관,내국인,"132,929","101,825","11,150","8,830","7,746","7,735","9,043","7,737","8,824","16,895","4,536","7,625","5,682","6,022","31,104","5,697","1,806",0,0,"1,949","3,560","3,771","5,952",25,"3,845","3,191","1,308"
충청남도,천안시,천안홍대용과학관,합계,"132,929","101,825","11,150","8,830","7,746","7,735","9,043","7,737","8,824","16,895","4,536","7,625","5,682","6,022","31,104","5,697","1,806",0,0,"1,949","3,560","3,771","5,952",25,"3,845","3,191","1,308"
충청남도,천안시,태학산자연휴양림,내국인,"100,594","83,756","3,373","3,565","4,444","9,532","10,835","9,287","8,824","6,910","8,655","8,191","6,840","3,300","16,838","2,700",234,650,"1,193","1,478","1,285","3,756","1,184","1,278","1,586","1,051",443
충청남도,천안시,태학산자연휴양림,합계,"100,594","83,756","3,373","3,565","4,444","9,532","10,835","9,287","8,824","6,910","8,655","8,191","6,840","3,300","16,838","2,700",234,650,"1,193","1,478","1,285","3,756","1,184","1,278","1,586","1,051",443
충청남도,공주시,계룡산국립공원(갑사),내국인,"257,026","122,489","5,562","4,980","5,900","10,464","10,978","9,377","10,901","8,043","6,069","19,690","22,294","8,231","134,537","8,383","3,585","6,037","8,985","10,121","7,284","9,219","9,746","11,587","29,282","23,964","6,344"
충청남도,공주시,계룡산국립공원(갑사),외국인,736,689,27,34,31,34,75,36,46,26,113,110,112,45,47,31,10,6,0,0,0,0,0,0,0,0,0
충청남도,공주시,계룡산국립공원(갑사),합계,"257,762","123,178","5,589","5,014","5,931","10,498","11,053","9,413","10,947","8,069","6,182","19,800","22,406","8,276","134,584","8,414","3,595","6,043","8,985","10,121","7,284","9,219","9,746","11,587","29,282","23,964","6,344"
충청남도,공주시,계룡산국립공원(동학사),내국인,"1,079,134","593,681","35,256","33,822","41,980","75,421","58,361","49,537","38,844","45,837","36,735","71,983","71,329","34,576","485,453","34,056","26,654","42,193","55,696","48,892","35,837","32,404","32,573","36,256","63,424","49,279","28,189"
충청남도,공주시,계룡산국립공원(동학사),외국인,"1,438","1,350",46,62,50,186,73,27,66,109,81,473,123,54,88,69,19,0,0,0,0,0,0,0,0,0,0
충청남도,공주시,계룡산국립공원(동학사),합계,"1,080,572","595,031","35,302","33,884","42,030","75,607","58,434","49,564","38,910","45,946","36,816","72,456","71,452","34,630","485,541","34,125","26,673","42,193","55,696","48,892","35,837","32,404","32,573","36,256","63,424","49,279","28,189"
충청남도,공주시,계룡산국립공원(병사골),내국인,"34,514","12,659","1,105","1,268","1,290","1,213","1,022",957,595,800,969,"1,459","1,069",912,"21,855",998,992,"1,736","1,868","1,212","1,051","1,934","1,477","2,722","3,780","1,908","2,177"
충청남도,공주시,계룡산국립공원(병사골),합계,"34,514","12,659","1,105","1,268","1,290","1,213","1,022",957,595,800,969,"1,459","1,069",912,"21,855",998,992,"1,736","1,868","1,212","1,051","1,934","1,477","2,722","3,780","1,908","2,177"
충청남도,공주시,계룡산국립공원(상신),내국인,"81,076","39,347","2,461","2,374","2,760","2,860","5,511","3,514","3,101","4,951","1,897","3,665","3,890","2,363","41,729","2,468","2,747","3,731","3,692","3,371","3,431","2,723","3,850","3,643","5,291","3,502","3,280"
충청남도,공주시,계룡산국립공원(상신),합계,"81,076","39,347","2,461","2,374","2,760","2,860","5,511","3,514","3,101","4,951","1,897","3,665","3,890","2,363","41,729","2,468","2,747","3,731","3,692","3,371","3,431","2,723","3,850","3,643","5,291","3,502","3,280"
충청남도,공주시,계룡산국립공원(신원사),내국인,"145,632","74,929","4,545","4,038","4,881","7,479","6,778","6,038","6,717","4,423","3,319","10,619","12,114","3,978","70,703","4,461","2,909","5,491","7,375","8,395","4,676","6,656","5,552","6,781","11,738","4,164","2,505"
충청남도,공주시,계룡산국립공원(신원사),외국인,0,0,0,0,0,0,0,0,0,0,0,0,0,0,0,0,0,0,0,0,0,0,0,0,0,0,0
충청남도,공주시,계룡산국립공원(신원사),합계,"145,632","74,929","4,545","4,038","4,881","7,479","6,778","6,038","6,717","4,423","3,319","10,619","12,114","3,978","70,703","4,461","2,909","5,491","7,375","8,395","4,676","6,656","5,552","6,781","11,738","4,164","2,505"
충청남도,공주시,계룡산국립공원(지석골),내국인,"34,390","12,624",947,"1,033","1,062","1,389","1,112","1,170",722,932,917,"1,160","1,402",778,"21,766",805,"1,012","1,559","1,595","1,295","1,485","1,809","1,303","2,171","3,121","2,026","3,585"
충청남도,공주시,계룡산국립공원(지석골),합계,"34,390","12,624",947,"1,033","1,062","1,389","1,112","1,170",722,932,917,"1,160","1,402",778,"21,766",805,"1,012","1,559","1,595","1,295","1,485","1,809","1,303","2,171","3,121","2,026","3,585"
충청남도,공주시,계룡산국립공원(천정),내국인,"209,631","78,586","9,743","8,339","13,334","4,098","11,246","4,743","3,443","4,020","3,122","6,860","6,322","3,316","131,045","3,667","3,042","5,621","5,355","10,122","8,505","11,204","9,255","14,969","25,290","16,093","17,922"
충청남도,공주시,계룡산국립공원(천정),합계,"209,631","78,586","9,743","8,339","13,334","4,098","11,246","4,743","3,443","4,020","3,122","6,860","6,322","3,316","131,045","3,667","3,042","5,621","5,355","10,122","8,505","11,204","9,255","14,969","25,290","16,093","17,922"
충청남도,공주시,고마아트센터,내국인,"292,815","55,113",,,,,,,,,,"21,816","21,630","11,667","237,702","109,649","5,153","4,460","3,238","10,464","11,041","10,997","19,616","11,036","19,811","21,163","11,074"
충청남도,공주시,고마아트센터,합계,"292,815","55,113",,,,,,,,,,"21,816","21,630","11,667","237,702","109,649","5,153","4,460","3,238","10,464","11,041","10,997","19,616","11,036","19,811","21,163","11,074"
충청남도,공주시,골드리버CC,내국인,"94,116","41,499","1,111","1,839","3,848","4,045","4,921","4,462","3,545","3,366","3,534","4,797","4,116","1,915","52,617","1,379","2,208","3,773","4,964","5,361","5,613","5,039","4,517","5,255","6,214","4,863","3,431"
충청남도,공주시,골드리버CC,합계,"94,116","41,499","1,111","1,839","3,848","4,045","4,921","4,462","3,545","3,366","3,534","4,797","4,116","1,915","52,617","1,379","2,208","3,773","4,964","5,361","5,613","5,039","4,517","5,255","6,214","4,863","3,431"
충청남도,공주시,공산성,내국인,"530,350","301,809","14,966","15,955","21,297","29,107","33,246","22,884","11,405","13,618","29,990","55,657","33,315","20,369","228,541","16,791","11,142","12,780","18,339","30,153","12,236","13,096","10,524","18,860","45,713","27,043","11,864"
충청남도,공주시,공산성,외국인,"3,053","2,980",149,82,343,575,307,559,239,303,165,119,104,35,73,38,35,0,0,0,0,0,0,0,0,0,0
충청남도,공주시,공산성,합계,"533,403","304,789","15,115","16,037","21,640","29,682","33,553","23,443","11,644","13,921","30,155","55,776","33,419","20,404","228,614","16,829","11,177","12,780","18,339","30,153","12,236","13,096","10,524","18,860","45,713","27,043","11,864"
충청남도,공주시,공주 한옥마을,내국인,"138,596","85,366","6,136","7,099","6,031","6,951","8,135","7,068","6,160","8,210","5,569","8,775","7,964","7,268","53,230","6,966","3,753","1,215","2,339","5,091","3,917","4,142","7,746","3,158","6,248","5,711","2,944"
충청남도,공주시,공주 한옥마을,외국인,"1,646","1,553",14,9,40,53,124,120,82,20,54,44,631,362,93,89,4,0,0,0,0,0,0,0,0,0,0
충청남도,공주시,공주 한옥마을,합계,"140,242","86,919","6,150","7,108","6,071","7,004","8,259","7,188","6,242","8,230","5,623","8,819","8,595","7,630","53,323","7,055","3,757","1,215","2,339","5,091","3,917","4,142","7,746","3,158","6,248","5,711","2,944"
충청남도,공주시,공주산림휴양마을 목재체험관,내국인,"134,446","84,731","3,018","3,390","5,797","7,572","9,571","9,363","7,441","10,322","8,492","8,801","6,094","4,870","49,715","4,655","4,812",808,955,960,"5,083","8,559","8,882","2,034","4,126","5,158","3,683"
충청남도,공주시,공주산림휴양마을 목재체험관,합계,"134,446","84,731","3,018","3,390","5,797","7,572","9,571","9,363","7,441","10,322","8,492","8,801","6,094","4,870","49,715","4,655","4,812",808,955,960,"5,083","8,559","8,882","2,034","4,126","5,158","3,683"
충청남도,공주시,국립공주박물관,내국인,"802,178","688,594","36,643","38,783","44,139","53,419","109,298","47,636","44,381","59,304","70,822","96,933","52,462","34,774","113,584","35,875","10,105",0,0,"4,309","6,240","11,553","17,384",499,"11,392","10,645","5,582"
충청남도,공주시,국립공주박물관,외국인,"7,977","7,292",280,187,353,749,726,660,487,706,"1,294",794,727,329,685,247,159,0,0,24,27,28,48,5,73,68,6
충청남도,공주시,국립공주박물관,합계,"810,155","695,886","36,923","38,970","44,492","54,168","110,024","48,296","44,868","60,010","72,116","97,727","53,189","35,103","114,269","36,122","10,264",0,0,"4,333","6,267","11,581","17,432",504,"11,465","10,713","5,588"
충청남도,공주시,마곡사,내국인,"648,179","362,096","10,818","14,998","19,902","24,833","22,579","24,744","13,349","15,980","16,146","89,822","85,565","23,360","286,083","15,480","10,240","18,814","17,529","22,754","16,758","15,260","18,434","19,013","67,744","50,418","13,639"
충청남도,공주시,마곡사,외국인,"1,238","1,238",0,0,0,0,0,0,0,0,0,718,498,22,0,0,0,0,0,0,0,0,0,0,0,0,0
충청남도,공주시,마곡사,합계,"649,417","363,334","10,818","14,998","19,902","24,833","22,579","24,744","13,349","15,980","16,146","90,540","86,063","23,382","286,083","15,480","10,240","18,814","17,529","22,754","16,758","15,260","18,434","19,013","67,744","50,418","13,639"
충청남도,공주시,석장리박물관,내국인,"340,672","270,005","7,175","5,870","8,202","13,843","161,142","9,027","7,025","9,239","11,838","20,389","10,003","6,252","70,667","6,610","4,921","5,999","6,350","7,362","4,762","5,131","4,817","4,691","10,742","6,117","3,165"
충청남도,공주시,석장리박물관,외국인,137,114,0,0,0,0,0,0,0,0,0,96,2,16,23,14,9,0,0,0,0,0,0,0,0,0,0
충청남도,공주시,석장리박물관,합계,"340,809","270,119","7,175","5,870","8,202","13,843","161,142","9,027","7,025","9,239","11,838","20,485","10,005","6,268","70,690","6,624","4,930","5,999","6,350","7,362","4,762","5,131","4,817","4,691","10,742","6,117","3,165"
충청남도,공주시,송산리고분군,내국인,"355,054","221,806","9,769","8,725","14,963","17,577","23,461","13,615","8,164","15,554","23,320","45,380","22,476","18,802","133,248","13,635","6,098","5,298","5,948","13,098","8,236","9,885","16,958","8,760","24,282","16,441","4,609"
충청남도,공주시,송산리고분군,외국인,"5,060","4,874",29,41,204,552,559,289,426,589,501,"1,054",505,125,186,86,98,2,0,0,0,0,0,0,0,0,0
충청남도,공주시,송산리고분군,합계,"360,114","226,680","9,798","8,766","15,167","18,129","24,020","13,904","8,590","16,143","23,821","46,434","22,981","18,927","133,434","13,721","6,196","5,300","5,948","13,098","8,236","9,885","16,958","8,760","24,282","16,441","4,609"
충청남도,공주시,수리치골성지,내국인,"68,251","35,426","1,061","1,176","2,116","4,029","3,463","4,250","2,117","3,221","2,702","3,037","5,024","3,230","32,825","1,383","1,708","1,868","1,856","4,241","2,690","2,161","2,743","3,636","4,789","3,600","2,150"
충청남도,공주시,수리치골성지,합계,"68,251","35,426","1,061","1,176","2,116","4,029","3,463","4,250","2,117","3,221","2,702","3,037","5,024","3,230","32,825","1,383","1,708","1,868","1,856","4,241","2,690","2,161","2,743","3,636","4,789","3,600","2,150"
충청남도,공주시,웅진백제역사관,내국인,"147,548","104,789","7,072","7,375","8,464","8,323","12,737","12,238","7,111","8,508","7,699","12,995","7,420","4,847","42,759","5,688","9,044",0,0,0,"3,851","4,782","7,270",585,"3,416","5,601","2,522"
충청남도,공주시,웅진백제역사관,합계,"147,548","104,789","7,072","7,375","8,464","8,323","12,737","12,238","7,111","8,508","7,699","12,995","7,420","4,847","42,759","5,688","9,044",0,0,0,"3,851","4,782","7,270",585,"3,416","5,601","2,522"
충청남도,공주시,임립미술관,내국인,"32,879","27,352",290,318,222,"1,767","1,680","1,470",590,665,"1,150","13,000","5,000","1,200","5,527",102,71,0,18,250,300,500,700,"1,010","2,056",263,257
충청남도,공주시,임립미술관,합계,"32,879","27,352",290,318,222,"1,767","1,680","1,470",590,665,"1,150","13,000","5,000","1,200","5,527",102,71,0,18,250,300,500,700,"1,010","2,056",263,257
충청남도,공주시,자연사박물관,내국인,"154,082","124,359","8,303","9,104","11,879","13,404","13,563","9,999","8,025","13,506","8,325","14,607","7,908","5,736","29,723","6,489","1,459",0,"1,713","5,573","2,517","2,831","3,077","2,105","2,121","1,541",297
충청남도,공주시,자연사박물관,외국인,0,0,0,0,0,0,0,0,0,0,0,0,0,0,0,0,0,0,0,0,0,0,0,0,0,0,0
충청남도,공주시,자연사박물관,합계,"154,082","124,359","8,303","9,104","11,879","13,404","13,563","9,999","8,025","13,506","8,325","14,607","7,908","5,736","29,723","6,489","1,459",0,"1,713","5,573","2,517","2,831","3,077","2,105","2,121","1,541",297
충청남도,공주시,풀꽃문학관,내국인,"52,983","37,443","1,011","1,243","1,557","2,175","5,363","2,178","1,994","3,789","3,776","7,677","5,412","1,268","15,540","1,600",839,678,778,"1,111",997,962,"1,509","1,405","2,973","1,824",864
충청남도,공주시,풀꽃문학관,합계,"52,983","37,443","1,011","1,243","1,557","2,175","5,363","2,178","1,994","3,789","3,776","7,677","5,412","1,268","15,540","1,600",839,678,778,"1,111",997,962,"1,509","1,405","2,973","1,824",864
충청남도,공주시,프린세스 골프클럽,내국인,"169,176","82,151","1,592","3,183","7,517","8,153","9,477","9,195","7,815","7,424","7,397","9,389","8,028","2,981","87,025","1,876","3,580","6,689","8,687","9,333","9,548","8,306","8,037","8,891","9,685","8,202","4,191"
충청남도,공주시,프린세스 골프클럽,합계,"169,176","82,151","1,592","3,183","7,517","8,153","9,477","9,195","7,815","7,424","7,397","9,389","8,028","2,981","87,025","1,876","3,580","6,689","8,687","9,333","9,548","8,306","8,037","8,891","9,685","8,202","4,191"
충청남도,공주시,황새바위성지,내국인,"185,828","112,428","4,374","5,416","8,465","8,605","15,226","14,430","5,312","4,937","10,091","20,923","8,645","6,004","73,400","4,248","4,604","5,996","6,418","5,504","3,421","4,001","4,326","8,137","12,105","8,272","6,368"
충청남도,공주시,황새바위성지,합계,"185,828","112,428","4,374","5,416","8,465","8,605","15,226","14,430","5,312","4,937","10,091","20,923","8,645","6,004","73,400","4,248","4,604","5,996","6,418","5,504","3,421","4,001","4,326","8,137","12,105","8,272","6,368"
충청남도,보령시,개화예술공원,내국인,"505,765","317,458","11,839","13,245","20,287","49,310","47,184","28,147","21,885","25,896","29,733","22,848","25,180","21,904","188,307","15,240","6,534","10,883","20,058","22,479","16,149","15,786","17,797","18,038","17,677","15,750","11,916"
충청남도,보령시,개화예술공원,합계,"505,765","317,458","11,839","13,245","20,287","49,310","47,184","28,147","21,885","25,896","29,733","22,848","25,180","21,904","188,307","15,240","6,534","10,883","20,058","22,479","16,149","15,786","17,797","18,038","17,677","15,750","11,916"
충청남도,보령시,냉풍욕장,내국인,"89,368","89,368",,,,,,"2,888","22,884","63,596",0,,,,0,,,,,,0,0,0,0,0,0,0
충청남도,보령시,냉풍욕장,합계,"89,368","89,368",,,,,,"2,888","22,884","63,596",0,,,,0,,,,,,0,0,0,0,0,0,0
충청남도,보령시,대천연안 여객선 터미널,내국인,"185,681","112,746","3,383","5,312","4,841","7,955","13,993","12,620","12,894","21,003","10,726","11,542","5,919","2,558","72,935","3,464","2,120","2,039","3,920","9,106","8,068","8,511","12,430","6,250","10,003","4,646","2,378"
충청남도,보령시,대천연안 여객선 터미널,외국인,0,0,0,0,0,0,0,0,0,0,0,0,0,0,0,0,0,0,0,0,0,0,0,0,0,0,0
충청남도,보령시,대천연안 여객선 터미널,합계,"185,681","112,746","3,383","5,312","4,841","7,955","13,993","12,620","12,894","21,003","10,726","11,542","5,919","2,558","72,935","3,464","2,120","2,039","3,920","9,106","8,068","8,511","12,430","6,250","10,003","4,646","2,378"
충청남도,보령시,보령머드박물관,내국인,"117,360","81,987","7,058","5,102","6,663","2,711","2,985","3,693","17,508","16,897","3,512","6,022","4,523","5,313","35,373","5,802","2,514",260,342,"1,883","3,488","6,304","6,604",898,"2,178","2,592","2,508"
충청남도,보령시,보령머드박물관,합계,"117,360","81,987","7,058","5,102","6,663","2,711","2,985","3,693","17,508","16,897","3,512","6,022","4,523","5,313","35,373","5,802","2,514",260,342,"1,883","3,488","6,304","6,604",898,"2,178","2,592","2,508"
충청남도,보령시,보령문화의전당,내국인,"143,207","132,359","4,211","3,969","3,924","3,667","4,294","4,090","24,255","34,131","37,704","4,426","3,914","3,774","10,848","3,322","1,152",0,0,289,854,"1,293","1,732",0,658,"1,041",507
충청남도,보령시,보령문화의전당,외국인,87,49,10,3,2,0,15,3,3,4,0,5,0,4,38,2,0,0,0,0,25,4,5,0,1,0,1
충청남도,보령시,보령문화의전당,합계,"143,294","132,408","4,221","3,972","3,926","3,667","4,309","4,093","24,258","34,135","37,704","4,431","3,914","3,778","10,886","3,324","1,152",0,0,289,879,"1,297","1,737",0,659,"1,041",508
충청남도,보령시,보령석탄박물관,내국인,"136,478","92,469",0,0,0,0,0,0,"18,565","32,990","9,885","13,995","8,664","8,370","44,009","7,172","2,870",0,0,"2,744","4,522","6,161","12,884",0,"2,394","3,777","1,485"
충청남도,보령시,보령석탄박물관,외국인,0,0,0,0,0,0,0,0,0,0,0,0,0,0,0,0,0,0,0,0,0,0,0,0,0,0,0
충청남도,보령시,보령석탄박물관,합계,"136,478","92,469",0,0,0,0,0,0,"18,565","32,990","9,885","13,995","8,664","8,370","44,009","7,172","2,870",0,0,"2,744","4,522","6,161","12,884",0,"2,394","3,777","1,485"
충청남도,보령시,성주산 자연휴양림,내국인,"223,672","168,312","4,585","8,486","10,809","12,531","16,138","19,036","20,219","28,386","13,846","13,640","13,728","6,908","55,360","5,692","4,537","2,090","1,535","3,681","4,259","10,216","11,498",0,"3,621","6,808","1,423"
충청남도,보령시,성주산 자연휴양림,합계,"223,672","168,312","4,585","8,486","10,809","12,531","16,138","19,036","20,219","28,386","13,846","13,640","13,728","6,908","55,360","5,692","4,537","2,090","1,535","3,681","4,259","10,216","11,498",0,"3,621","6,808","1,423"
충청남도,보령시,스카이바이크,내국인,"164,867","117,863","6,668","8,456","7,228","9,983","11,288","12,805","10,511","13,375","8,014","15,964","9,213","4,358","47,004","2,873","1,686",0,747,"10,415","7,813","10,730","7,624",0,799,"1,730","2,587"
충청남도,보령시,스카이바이크,외국인,"4,374","4,299",57,18,149,"1,155","1,074",540,123,169,202,401,339,72,75,0,0,0,0,0,0,52,23,0,0,0,0
충청남도,보령시,스카이바이크,합계,"169,241","122,162","6,725","8,474","7,377","11,138","12,362","13,345","10,634","13,544","8,216","16,365","9,552","4,430","47,079","2,873","1,686",0,747,"10,415","7,813","10,782","7,647",0,799,"1,730","2,587"
충청남도,보령시,오서산자연휴양림,내국인,"139,011","96,554","6,924","6,542","5,962","1,122","5,578","3,851","3,698","7,806","5,656","19,960","21,692","7,763","42,457","4,723","2,606","1,309",0,"2,149","3,870","4,582","2,748","1,356","9,514","6,963","2,637"
충청남도,보령시,오서산자연휴양림,외국인,3,3,0,0,0,0,0,3,0,0,0,0,0,0,0,0,0,0,0,0,0,0,0,0,0,0,0
충청남도,보령시,오서산자연휴양림,합계,"139,014","96,557","6,924","6,542","5,962","1,122","5,578","3,854","3,698","7,806","5,656","19,960","21,692","7,763","42,457","4,723","2,606","1,309",0,"2,149","3,870","4,582","2,748","1,356","9,514","6,963","2,637"
충청남도,보령시,웨스토피아,내국인,"127,963","83,407","4,368","5,127","6,975","7,176","7,464","7,404","8,260","10,990","4,918","6,240","8,585","5,900","44,556","5,810","4,710","6,011","4,804","5,586","3,860","1,721","4,057","1,481","1,899","3,186","1,431"
충청남도,보령시,웨스토피아,외국인,121,121,12,15,10,10,18,9,5,5,7,10,15,5,0,0,0,0,0,0,0,0,0,0,0,0,0
충청남도,보령시,웨스토피아,합계,"128,084","83,528","4,380","5,142","6,985","7,186","7,482","7,413","8,265","10,995","4,925","6,250","8,600","5,905","44,556","5,810","4,710","6,011","4,804","5,586","3,860","1,721","4,057","1,481","1,899","3,186","1,431"
충청남도,보령시,짚트랙코리아(주),내국인,"203,445","165,081","5,877","8,292","9,867","12,013","15,502","17,533","17,134","32,118","11,697","17,944","10,202","6,902","38,364","2,043","1,084",978,798,"2,640","1,909","2,917","3,757","1,714","11,873","6,535","2,116"
충청남도,보령시,짚트랙코리아(주),외국인,"11,964","11,751",0,0,0,"1,334","2,735","3,093","1,290","2,418",881,0,0,0,213,0,0,0,0,0,213,0,0,0,0,0,0
충청남도,보령시,짚트랙코리아(주),합계,"215,409","176,832","5,877","8,292","9,867","13,347","18,237","20,626","18,424","34,536","12,578","17,944","10,202","6,902","38,577","2,043","1,084",978,798,"2,640","2,122","2,917","3,757","1,714","11,873","6,535","2,116"
충청남도,아산시,곡교천 은행나무길,내국인,"78,683","29,570",,,,,,,"2,931","3,574","3,362","11,237","7,004","1,462","49,113",842,"1,116","3,608","3,083","5,020","5,294","5,221","3,389","5,301","7,416","7,559","1,264"
충청남도,아산시,곡교천 은행나무길,합계,"78,683","29,570",,,,,,,"2,931","3,574","3,362","11,237","7,004","1,462","49,113",842,"1,116","3,608","3,083","5,020","5,294","5,221","3,389","5,301","7,416","7,559","1,264"
충청남도,아산시,공세리성당,내국인,"145,985","74,114","3,731","3,703","6,137","10,330","8,744","6,951","4,685","5,139","5,005","8,048","7,364","4,277","71,871","4,671","2,745","2,541","6,750","5,909","5,048","4,059",362,0,"8,487","6,167","25,132"
충청남도,아산시,공세리성당,합계,"145,985","74,114","3,731","3,703","6,137","10,330","8,744","6,951","4,685","5,139","5,005","8,048","7,364","4,277","71,871","4,671","2,745","2,541","6,750","5,909","5,048","4,059",362,0,"8,487","6,167","25,132"
충청남도,아산시,광덕산(강당계곡),내국인,"111,296","61,792","1,630","1,671","2,969","2,801","5,929","8,386","9,251","20,130","2,650","2,843","2,114","1,418","49,504","1,453","1,886","3,802","4,358","5,484","8,079","7,166","7,993","3,786","2,524","1,487","1,486"
충청남도,아산시,광덕산(강당계곡),합계,"111,296","61,792","1,630","1,671","2,969","2,801","5,929","8,386","9,251","20,130","2,650","2,843","2,114","1,418","49,504","1,453","1,886","3,802","4,358","5,484","8,079","7,166","7,993","3,786","2,524","1,487","1,486"
충청남도,아산시,도고컨트리클럽,내국인,"175,160","84,290","2,335","3,026","8,029","8,619","10,074","9,795","7,789","6,963","8,036","8,596","7,010","4,018","90,870","2,792","4,092","7,851","9,713","9,990","10,037","9,001","7,923","9,009","8,972","7,159","4,331"
충청남도,아산시,도고컨트리클럽,합계,"175,160","84,290","2,335","3,026","8,029","8,619","10,074","9,795","7,789","6,963","8,036","8,596","7,010","4,018","90,870","2,792","4,092","7,851","9,713","9,990","10,037","9,001","7,923","9,009","8,972","7,159","4,331"
충청남도,아산시,맹씨행단,내국인,"17,691","8,807",,,,,,,"1,561","1,229","1,992","2,626","1,203",196,"8,884",703,413,377,0,0,0,"1,491",689,"1,418","2,096","1,137",560
충청남도,아산시,맹씨행단,합계,"17,691","8,807",,,,,,,"1,561","1,229","1,992","2,626","1,203",196,"8,884",703,413,377,0,0,0,"1,491",689,"1,418","2,096","1,137",560
충청남도,아산시,배방산,내국인,"68,266","15,903",,,,,,,"3,250","3,011","2,807","1,786","2,879","2,170","52,363","3,074","2,905","7,260","6,932","5,378","4,132","3,788",696,"4,240","6,255","3,707","3,996"
충청남도,아산시,배방산,합계,"68,266","15,903",,,,,,,"3,250","3,011","2,807","1,786","2,879","2,170","52,363","3,074","2,905","7,260","6,932","5,378","4,132","3,788",696,"4,240","6,255","3,707","3,996"
충청남도,아산시,세계꽃식물원,내국인,"260,653","189,377","16,973","19,733","37,009","37,594","24,856","9,063","4,725","4,227","4,937","9,592","8,132","12,536","71,276","14,446","6,553","5,307","10,124","13,182","3,676","3,259","2,362",99,"4,799","4,239","3,230"
충청남도,아산시,세계꽃식물원,외국인,"3,002","1,482",32,100,258,232,197,154,53,75,94,137,93,57,"1,520",140,106,68,166,409,184,118,80,0,139,69,41
충청남도,아산시,세계꽃식물원,합계,"263,655","190,859","17,005","19,833","37,267","37,826","25,053","9,217","4,778","4,302","5,031","9,729","8,225","12,593","72,796","14,586","6,659","5,375","10,290","13,591","3,860","3,377","2,442",99,"4,938","4,308","3,271"
충청남도,아산시,신정호국민관광지,내국인,"421,383","249,885","2,422","2,625","4,858","23,202","29,872","31,772","39,107","32,052","33,275","22,036","17,832","10,832","171,498","2,922","5,477",0,0,0,0,"33,761","19,932","30,278","35,761","21,053","22,314"
충청남도,아산시,신정호국민관광지,합계,"421,383","249,885","2,422","2,625","4,858","23,202","29,872","31,772","39,107","32,052","33,275","22,036","17,832","10,832","171,498","2,922","5,477",0,0,0,0,"33,761","19,932","30,278","35,761","21,053","22,314"
충청남도,아산시,아산레일바이크,내국인,"64,790","38,827","1,379","2,233","2,902","4,521","5,574","3,386","1,656","2,353","3,890","6,505","3,356","1,072","25,963","1,248",487,"1,059","2,045","3,837","1,616","1,761","2,260","3,071","6,678","1,524",377
충청남도,아산시,아산레일바이크,외국인,369,369,22,34,38,40,35,25,35,52,68,0,0,20,0,0,0,0,0,0,0,0,0,0,0,0,0
충청남도,아산시,아산레일바이크,합계,"65,159","39,196","1,401","2,267","2,940","4,561","5,609","3,411","1,691","2,405","3,958","6,505","3,356","1,092","25,963","1,248",487,"1,059","2,045","3,837","1,616","1,761","2,260","3,071","6,678","1,524",377
충청남도,아산시,아산스파비스,내국인,"351,295","273,464","30,587","27,548","7,155","22,904","17,065","29,152","31,483","49,093","11,643","10,810","12,796","23,228","77,831","24,336",886,0,507,"9,345","6,278","10,933","23,738","1,808",0,0,0
충청남도,아산시,아산스파비스,합계,"351,295","273,464","30,587","27,548","7,155","22,904","17,065","29,152","31,483","49,093","11,643","10,810","12,796","23,228","77,831","24,336",886,0,507,"9,345","6,278","10,933","23,738","1,808",0,0,0
충청남도,아산시,아산외암마을,내국인,"444,347","348,337","14,343","16,918","22,620","28,845","30,910","24,681","14,340","14,856","23,094","120,107","25,623","12,000","96,010","12,959","4,084",0,0,"11,899","10,354","13,481","1,827","3,956","25,411","12,039",0
충청남도,아산시,아산외암마을,외국인,"7,835","6,746",249,453,504,727,793,336,235,443,519,"1,289",810,388,"1,089",181,82,0,0,107,108,162,24,54,244,127,0
충청남도,아산시,아산외암마을,합계,"452,182","355,083","14,592","17,371","23,124","29,572","31,703","25,017","14,575","15,299","23,613","121,396","26,433","12,388","97,099","13,140","4,166",0,0,"12,006","10,462","13,643","1,851","4,010","25,655","12,166",0
충청남도,아산시,아산코미디홀,내국인,"4,870","3,738",,179,223,195,202,327,339,381,476,"1,032",186,198,"1,132",279,146,114,0,69,73,83,273,0,86,9,0
충청남도,아산시,아산코미디홀,합계,"4,870","3,738",,179,223,195,202,327,339,381,476,"1,032",186,198,"1,132",279,146,114,0,69,73,83,273,0,86,9,0
충청남도,아산시,에스지아름다운C.C,내국인,"184,667","90,857","1,218","2,710","7,301","8,832","11,054","10,692","9,199","9,880","8,201","10,461","8,464","2,845","93,810","1,309","3,387","6,754","9,561","10,925","10,936","9,891","8,584","9,895","10,548","8,730","3,290"
충청남도,아산시,에스지아름다운C.C,합계,"184,667","90,857","1,218","2,710","7,301","8,832","11,054","10,692","9,199","9,880","8,201","10,461","8,464","2,845","93,810","1,309","3,387","6,754","9,561","10,925","10,936","9,891","8,584","9,895","10,548","8,730","3,290"
충청남도,아산시,영인산자연휴양림,내국인,"473,542","284,047","13,220","12,078","17,064","28,599","38,594","28,754","18,063","28,241","21,884","38,883","26,919","11,748","189,495","12,820","10,246",0,0,"11,492","20,181","23,059","16,563","19,851","36,852","23,566","14,865"
충청남도,아산시,영인산자연휴양림,외국인,"1,302",740,44,51,41,73,94,102,58,79,77,0,0,121,562,67,58,0,0,0,0,0,0,0,231,107,99
충청남도,아산시,영인산자연휴양림,합계,"474,844","284,787","13,264","12,129","17,105","28,672","38,688","28,856","18,121","28,320","21,961","38,883","26,919","11,869","190,057","12,887","10,304",0,0,"11,492","20,181","23,059","16,563","19,851","37,083","23,673","14,964"
충청남도,아산시,온양관광호텔(온천탕),내국인,"613,772","399,068","49,294","46,585","42,002","32,353","29,223","24,917","22,372","23,081","26,041","30,700","33,600","38,900","214,704","44,417","17,791","13,084","15,775","22,838","14,662","15,148","13,535","11,495","17,836","15,196","12,927"
충청남도,아산시,온양관광호텔(온천탕),합계,"613,772","399,068","49,294","46,585","42,002","32,353","29,223","24,917","22,372","23,081","26,041","30,700","33,600","38,900","214,704","44,417","17,791","13,084","15,775","22,838","14,662","15,148","13,535","11,495","17,836","15,196","12,927"
충청남도,아산시,온양그랜드호텔(온천탕),내국인,"97,148","95,129","21,682","21,039","19,700",963,"1,322",798,647,"1,199","1,401","1,652","1,735","22,991","2,019","1,065",896,58,0,0,0,0,0,0,0,0,0
충청남도,아산시,온양그랜드호텔(온천탕),합계,"97,148","95,129","21,682","21,039","19,700",963,"1,322",798,647,"1,199","1,401","1,652","1,735","22,991","2,019","1,065",896,58,0,0,0,0,0,0,0,0,0
충청남도,아산시,온양민속박물관,내국인,"56,752","41,135","2,595","1,927","2,445","4,579","4,400","2,695","1,926","2,883","3,853","7,226","4,201","2,405","15,617","2,071",310,0,347,"1,437",859,"1,263","1,400",873,"4,831","1,875",351
충청남도,아산시,온양민속박물관,외국인,"1,430","1,323",13,14,66,117,143,31,58,18,42,300,490,31,107,30,4,0,0,0,0,7,27,2,22,14,1
충청남도,아산시,온양민속박물관,합계,"58,182","42,458","2,608","1,941","2,511","4,696","4,543","2,726","1,984","2,901","3,895","7,526","4,691","2,436","15,724","2,101",314,0,347,"1,437",859,"1,270","1,427",875,"4,853","1,889",352
충청남도,아산시,윤보선전대통령생가,내국인,"3,694","2,689",,,,,,,473,527,502,228,742,217,"1,005",257,287,285,176,0,0,0,0,0,0,0,0
충청남도,아산시,윤보선전대통령생가,합계,"3,694","2,689",,,,,,,473,527,502,228,742,217,"1,005",257,287,285,176,0,0,0,0,0,0,0,0
충청남도,아산시,이순신빙상장,내국인,"121,106","88,703","15,109","11,004","6,192","6,299","5,446","5,670","7,191","8,002","6,894","5,658","5,526","5,712","32,403","10,330","4,997",0,0,885,"3,088","3,677","3,466",0,865,"3,264","1,831"
충청남도,아산시,이순신빙상장,합계,"121,106","88,703","15,109","11,004","6,192","6,299","5,446","5,670","7,191","8,002","6,894","5,658","5,526","5,712","32,403","10,330","4,997",0,0,885,"3,088","3,677","3,466",0,865,"3,264","1,831"
충청남도,아산시,천년의 숲길(봉곡사),내국인,"109,923","47,289","2,530","3,068","3,777","4,250","6,742","4,110","3,627","4,293","3,714","4,446","3,825","2,907","62,634","3,151","3,210","6,737","7,157","6,270","5,384","5,499","4,347","6,102","6,902","4,079","3,796"
충청남도,아산시,천년의 숲길(봉곡사),합계,"109,923","47,289","2,530","3,068","3,777","4,250","6,742","4,110","3,627","4,293","3,714","4,446","3,825","2,907","62,634","3,151","3,210","6,737","7,157","6,270","5,384","5,499","4,347","6,102","6,902","4,079","3,796"
충청남도,아산시,파라다이스스파도고,내국인,"645,769","502,803","55,670","60,304","45,590","19,084","28,903","42,378","40,521","63,203","30,647","21,970","31,252","63,281","142,966","49,188","11,796",203,0,"11,175","9,787","11,664","21,189",539,"13,963","8,785","4,677"
충청남도,아산시,파라다이스스파도고,외국인,929,882,116,89,35,11,39,72,121,153,37,24,51,134,47,0,0,0,0,0,2,0,0,0,33,12,0
충청남도,아산시,파라다이스스파도고,합계,"646,698","503,685","55,786","60,393","45,625","19,095","28,942","42,450","40,642","63,356","30,684","21,994","31,303","63,415","143,013","49,188","11,796",203,0,"11,175","9,789","11,664","21,189",539,"13,996","8,797","4,677"
충청남도,아산시,피나클랜드,내국인,"81,703","81,703","9,446","2,274","2,102","15,441","16,906","8,590","2,422","2,818","5,165","15,337","1,202",,,,,,,,,,,,,,
충청남도,아산시,피나클랜드,외국인,"1,059","1,059",123,56,102,77,98,45,99,120,144,180,15,,,,,,,,,,,,,,
충청남도,아산시,피나클랜드,합계,"82,762","82,762","9,569","2,330","2,204","15,518","17,004","8,635","2,521","2,938","5,309","15,517","1,217",,,,,,,,,,,,,,
충청남도,아산시,현충사,내국인,"643,303","275,279","12,786","14,412","21,743","39,949","32,903","23,515","11,787","10,214","17,482","38,581","39,041","12,866","368,024","12,803","6,296","24,338","37,093","45,470","20,634","29,325","30,142","27,973","77,897","45,204","10,849"
충청남도,아산시,현충사,합계,"643,303","275,279","12,786","14,412","21,743","39,949","32,903","23,515","11,787","10,214","17,482","38,581","39,041","12,866","368,024","12,803","6,296","24,338","37,093","45,470","20,634","29,325","30,142","27,973","77,897","45,204","10,849"
충청남도,아산시,환경과학공원,내국인,"502,979","422,238","32,293","31,294","39,244","42,014","44,469","37,594","26,721","40,106","26,524","47,539","26,902","27,538","80,741","23,092","4,940",0,0,"1,438","3,541","13,883","13,698",47,"9,834","7,396","2,872"
충청남도,아산시,환경과학공원,합계,"502,979","422,238","32,293","31,294","39,244","42,014","44,469","37,594","26,721","40,106","26,524","47,539","26,902","27,538","80,741","23,092","4,940",0,0,"1,438","3,541","13,883","13,698",47,"9,834","7,396","2,872"
충청남도,서산시,간월암,내국인,"2,786,286","1,379,670",,,,,,,"121,240","233,245","242,719","364,797","226,399","191,270","1,406,616","123,037","81,745","94,803","118,593","167,145","136,331","120,820","134,471","89,008","157,634","98,717","84,312"
충청남도,서산시,간월암,합계,"2,786,286","1,379,670",,,,,,,"121,240","233,245","242,719","364,797","226,399","191,270","1,406,616","123,037","81,745","94,803","118,593","167,145","136,331","120,820","134,471","89,008","157,634","98,717","84,312"
충청남도,서산시,개심사,내국인,"552,760",,,,,,,,,,,,,,"552,760","19,881","16,800","32,812","190,260","148,213","20,527","16,953","12,920","15,162","36,444","30,759","12,029"
충청남도,서산시,개심사,합계,"552,760",,,,,,,,,,,,,,"552,760","19,881","16,800","32,812","190,260","148,213","20,527","16,953","12,920","15,162","36,444","30,759","12,029"
충청남도,서산시,개심사(등산로),내국인,"137,981",,,,,,,,,,,,,,"137,981","20,028","8,126","6,117","27,449","22,725","5,603","6,464","7,189","7,820","10,225","11,197","5,038"
충청남도,서산시,개심사(등산로),합계,"137,981",,,,,,,,,,,,,,"137,981","20,028","8,126","6,117","27,449","22,725","5,603","6,464","7,189","7,820","10,225","11,197","5,038"
충청남도,서산시,서산류방택천문기상과학관,내국인,"54,212","40,267","3,390","2,528","2,573","2,932","7,904","3,223","2,385","4,727","2,397","3,747","2,157","2,304","13,945","2,773","1,242",0,0,955,"1,927","1,866",918,0,"2,042","1,389",833
충청남도,서산시,서산류방택천문기상과학관,외국인,224,224,0,0,0,0,0,0,24,43,0,157,0,0,0,0,0,0,0,0,0,0,0,0,0,0,0
충청남도,서산시,서산류방택천문기상과학관,합계,"54,436","40,491","3,390","2,528","2,573","2,932","7,904","3,223","2,409","4,770","2,397","3,904","2,157","2,304","13,945","2,773","1,242",0,0,955,"1,927","1,866",918,0,"2,042","1,389",833
충청남도,서산시,서산버드랜드,내국인,"117,615","106,171","7,654","6,000","8,667","7,461","11,886","9,825","9,550","13,523","4,688","11,580","6,693","8,644","11,444","5,983","2,038",0,0,0,0,0,0,0,0,"3,072",351
충청남도,서산시,서산버드랜드,외국인,0,0,0,0,0,0,0,0,0,0,0,0,0,0,0,0,0,0,0,0,0,0,0,0,0,0,0
충청남도,서산시,서산버드랜드,합계,"117,615","106,171","7,654","6,000","8,667","7,461","11,886","9,825","9,550","13,523","4,688","11,580","6,693","8,644","11,444","5,983","2,038",0,0,0,0,0,0,0,0,"3,072",351
충청남도,서산시,서산용현리마애여래삼존상,내국인,"56,761",,,,,,,,,,,,,,"56,761","4,482","3,026","4,056","7,217","8,071","5,478","6,484","6,167",0,"3,845","4,973","2,962"
충청남도,서산시,서산용현리마애여래삼존상,합계,"56,761",,,,,,,,,,,,,,"56,761","4,482","3,026","4,056","7,217","8,071","5,478","6,484","6,167",0,"3,845","4,973","2,962"
충청남도,서산시,안견기념관,내국인,"3,325",,,,,,,,,,,,,,"3,325",509,349,0,0,404,409,468,255,0,356,499,76
충청남도,서산시,안견기념관,합계,"3,325",,,,,,,,,,,,,,"3,325",509,349,0,0,404,409,468,255,0,356,499,76
충청남도,서산시,용현자연휴양림,내국인,"138,055","83,821","3,676","3,522","5,091","6,669","9,165","6,612","5,020","10,497","8,485","12,890","10,329","1,865","54,234","2,431","2,363","1,005",594,"3,729","5,910","12,989","9,460",790,"4,051","7,517","3,395"
충청남도,서산시,용현자연휴양림,외국인,0,0,0,0,0,0,0,0,0,0,0,0,0,0,0,0,0,0,0,0,0,0,0,0,0,0,0
충청남도,서산시,용현자연휴양림,합계,"138,055","83,821","3,676","3,522","5,091","6,669","9,165","6,612","5,020","10,497","8,485","12,890","10,329","1,865","54,234","2,431","2,363","1,005",594,"3,729","5,910","12,989","9,460",790,"4,051","7,517","3,395"
충청남도,서산시,웅도,내국인,"10,710",,,,,,,,,,,,,,"10,710",500,410,600,"1,200","1,500","1,200","1,000",600,600,"1,800","1,000",300
충청남도,서산시,웅도,합계,"10,710",,,,,,,,,,,,,,"10,710",500,410,600,"1,200","1,500","1,200","1,000",600,600,"1,800","1,000",300
충청남도,서산시,팔봉산,내국인,"545,516","290,944",,,,,,,"64,546","43,059","32,431","58,422","47,674","44,812","254,572","37,828","45,113","23,717","24,966","19,884","17,304","11,699","10,849","17,266","21,824","12,667","11,455"
충청남도,서산시,팔봉산,합계,"545,516","290,944",,,,,,,"64,546","43,059","32,431","58,422","47,674","44,812","254,572","37,828","45,113","23,717","24,966","19,884","17,304","11,699","10,849","17,266","21,824","12,667","11,455"
충청남도,서산시,팔봉산(어송리),내국인,"47,875",,,,,,,,,,,,,,"47,875","4,099","4,038","3,702","4,280","4,373","6,851","3,617","2,864","3,947","3,931","2,951","3,222"
충청남도,서산시,팔봉산(어송리),합계,"47,875",,,,,,,,,,,,,,"47,875","4,099","4,038","3,702","4,280","4,373","6,851","3,617","2,864","3,947","3,931","2,951","3,222"
충청남도,서산시,해미순교성지,내국인,"25,403",,,,,,,,,,,,,,"25,403","2,338","1,564","1,310","2,408","2,867","2,231","1,861","1,724","1,730","2,865","2,983","1,522"
충청남도,서산시,해미순교성지,합계,"25,403",,,,,,,,,,,,,,"25,403","2,338","1,564","1,310","2,408","2,867","2,231","1,861","1,724","1,730","2,865","2,983","1,522"
충청남도,서산시,해미읍성,내국인,"1,739,536","1,220,436","31,046","45,762","75,219","152,018","149,411","117,935","69,774","65,262","90,769","329,433","62,435","31,372","519,100","34,866","23,224","38,368","61,147","63,589","50,548","48,824","39,159","39,818","61,156","36,719","21,682"
충청남도,서산시,해미읍성,합계,"1,739,536","1,220,436","31,046","45,762","75,219","152,018","149,411","117,935","69,774","65,262","90,769","329,433","62,435","31,372","519,100","34,866","23,224","38,368","61,147","63,589","50,548","48,824","39,159","39,818","61,156","36,719","21,682"
충청남도,서산시,황금산,내국인,"265,485",,,,,,,,,,,,,,"265,485","17,150","13,559","29,393","33,858","34,117","24,352","17,373","12,332","20,281","29,181","18,308","15,581"
충청남도,서산시,황금산,합계,"265,485",,,,,,,,,,,,,,"265,485","17,150","13,559","29,393","33,858","34,117","24,352","17,373","12,332","20,281","29,181","18,308","15,581"
충청남도,논산시,관촉사,내국인,"111,271","81,688","6,308","7,936","10,448","12,572","8,498","8,062","4,786","5,690","5,302","5,896","3,873","2,317","29,583",259,526,297,"3,539","3,262","2,374","3,322","2,833","2,587","4,816","3,557","2,211"
충청남도,논산시,관촉사,외국인,220,220,19,37,46,35,22,18,12,15,16,0,0,0,0,0,0,0,0,0,0,0,0,0,0,0,0
충청남도,논산시,관촉사,합계,"111,491","81,908","6,327","7,973","10,494","12,607","8,520","8,080","4,798","5,705","5,318","5,896","3,873","2,317","29,583",259,526,297,"3,539","3,262","2,374","3,322","2,833","2,587","4,816","3,557","2,211"
충청남도,논산시,논산 명재 고택,내국인,"43,056","33,806","1,981","1,884","2,631","2,674","2,961","3,017","2,711","3,026","2,974","3,481","3,394","3,072","9,250","1,371","1,016",237,349,388,422,382,415,467,"2,077","1,578",548
충청남도,논산시,논산 명재 고택,외국인,710,672,37,28,46,51,48,63,62,53,57,76,82,69,38,7,5,2,4,2,7,6,1,4,0,0,0
충청남도,논산시,논산 명재 고택,합계,"43,766","34,478","2,018","1,912","2,677","2,725","3,009","3,080","2,773","3,079","3,031","3,557","3,476","3,141","9,288","1,378","1,021",239,353,390,429,388,416,471,"2,077","1,578",548
충청남도,논산시,대둔산,내국인,"470,868","203,161","2,597","2,735","3,467","6,337","77,693","25,536","28,461","14,256","16,949","12,805","8,051","4,274","267,707","3,028","3,848","6,626","13,804","45,383","35,551","24,607","50,227","41,742","27,860","10,239","4,792"
충청남도,논산시,대둔산,합계,"470,868","203,161","2,597","2,735","3,467","6,337","77,693","25,536","28,461","14,256","16,949","12,805","8,051","4,274","267,707","3,028","3,848","6,626","13,804","45,383","35,551","24,607","50,227","41,742","27,860","10,239","4,792"
충청남도,논산시,돈암서원,내국인,"34,042",,,,,,,,,,,,,,"34,042","1,407","1,404","1,757","1,888","2,254","2,168","3,932","3,908","3,971","5,023","4,417","1,913"
충청남도,논산시,돈암서원,합계,"34,042",,,,,,,,,,,,,,"34,042","1,407","1,404","1,757","1,888","2,254","2,168","3,932","3,908","3,971","5,023","4,417","1,913"
충청남도,논산시,백제군사박물관,내국인,"231,093","140,891","6,465","8,435","12,377","21,033","20,691","12,383","8,341","8,329","11,437","16,191","8,907","6,302","90,202","6,417","4,846","9,724","11,773","9,207","5,069","5,256","5,758","5,809","13,146","7,584","5,613"
충청남도,논산시,백제군사박물관,합계,"231,093","140,891","6,465","8,435","12,377","21,033","20,691","12,383","8,341","8,329","11,437","16,191","8,907","6,302","90,202","6,417","4,846","9,724","11,773","9,207","5,069","5,256","5,758","5,809","13,146","7,584","5,613"
충청남도,논산시,선샤인랜드,내국인,"432,896","326,083","30,087","41,436","53,020","35,141","33,983","24,831","14,708","17,676","18,690","24,658","18,761","13,092","106,813","11,785","6,952","2,396","2,056","4,795","3,287","3,707","13,812","5,238","23,471","19,327","9,987"
충청남도,논산시,선샤인랜드,합계,"432,896","326,083","30,087","41,436","53,020","35,141","33,983","24,831","14,708","17,676","18,690","24,658","18,761","13,092","106,813","11,785","6,952","2,396","2,056","4,795","3,287","3,707","13,812","5,238","23,471","19,327","9,987"
충청남도,논산시,양촌자연휴양림,내국인,"1,268",,,,,,,,,,,,,,"1,268",848,420,0,0,0,0,0,0,0,0,0,0
충청남도,논산시,양촌자연휴양림,합계,"1,268",,,,,,,,,,,,,,"1,268",848,420,0,0,0,0,0,0,0,0,0,0
충청남도,계룡시,나라사랑 계룡대 견학,내국인,"11,154","10,867",275,591,705,"1,213","1,270","1,272","1,225",287,696,"1,181","1,265",887,287,287,0,0,0,0,0,0,0,0,0,0,0
충청남도,계룡시,나라사랑 계룡대 견학,외국인,0,0,0,0,0,0,0,0,0,0,0,0,0,0,0,0,0,0,0,0,0,0,0,0,0,0,0
충청남도,계룡시,나라사랑 계룡대 견학,합계,"11,154","10,867",275,591,705,"1,213","1,270","1,272","1,225",287,696,"1,181","1,265",887,287,287,0,0,0,0,0,0,0,0,0,0,0
충청남도,당진시,기지시줄다리기박물관,내국인,"108,473","102,957","2,914","3,539","3,424","58,338","6,028","5,286","3,340","3,210","4,015","6,167","4,912","1,784","5,516","1,492",568,0,0,187,524,460,297,0,948,826,214
충청남도,당진시,기지시줄다리기박물관,합계,"108,473","102,957","2,914","3,539","3,424","58,338","6,028","5,286","3,340","3,210","4,015","6,167","4,912","1,784","5,516","1,492",568,0,0,187,524,460,297,0,948,826,214
충청남도,당진시,난지섬관광지,내국인,"94,795","57,379","3,161","3,217","3,455","4,175","5,376","6,231","6,411","7,582","4,777","6,185","4,003","2,806","37,416","3,257","2,456","2,304","2,810","4,802","5,433","2,230","2,359","1,455","5,519","2,824","1,967"
충청남도,당진시,난지섬관광지,외국인,0,0,0,0,0,0,0,0,0,0,0,0,0,0,0,0,0,0,0,0,0,0,0,0,0,0,0
충청남도,당진시,난지섬관광지,합계,"94,795","57,379","3,161","3,217","3,455","4,175","5,376","6,231","6,411","7,582","4,777","6,185","4,003","2,806","37,416","3,257","2,456","2,304","2,810","4,802","5,433","2,230","2,359","1,455","5,519","2,824","1,967"
충청남도,당진시,당진 월드아트 서커스 공연장,내국인,"50,135","47,641",0,0,"5,410","12,012","6,867","4,499","2,864","2,273","2,304","4,534","4,657","2,221","2,494",0,0,0,0,0,313,441,555,235,722,196,32
충청남도,당진시,당진 월드아트 서커스 공연장,외국인,0,0,0,0,0,0,0,0,0,0,0,0,0,0,0,0,0,0,0,0,0,0,0,0,0,0,0
충청남도,당진시,당진 월드아트 서커스 공연장,합계,"50,135","47,641",0,0,"5,410","12,012","6,867","4,499","2,864","2,273","2,304","4,534","4,657","2,221","2,494",0,0,0,0,0,313,441,555,235,722,196,32
충청남도,당진시,삼선산수목원,내국인,"194,291",,,,,,,,,,,,,,"194,291","6,865","8,825","11,665","19,576","27,338","19,479","20,478","12,605","17,133","27,211","13,431","9,685"
충청남도,당진시,삼선산수목원,합계,"194,291",,,,,,,,,,,,,,"194,291","6,865","8,825","11,665","19,576","27,338","19,479","20,478","12,605","17,133","27,211","13,431","9,685"
충청남도,당진시,아미미술관,내국인,"250,137","148,540","10,049","12,056","16,091","13,656","16,135","14,820","11,581","15,618","7,804","13,273","9,203","8,254","101,597","7,613","5,700","7,819","11,258","14,697","10,014","10,889","10,955","5,757","8,055","6,084","2,756"
충청남도,당진시,아미미술관,합계,"250,137","148,540","10,049","12,056","16,091","13,656","16,135","14,820","11,581","15,618","7,804","13,273","9,203","8,254","101,597","7,613","5,700","7,819","11,258","14,697","10,014","10,889","10,955","5,757","8,055","6,084","2,756"
충청남도,당진시,아미산,내국인,"108,452",,,,,,,,,,,,,,"108,452","5,177","5,866","15,483","12,205","10,392","9,196","7,845","6,327","10,839","12,089","6,276","6,757"
충청남도,당진시,아미산,합계,"108,452",,,,,,,,,,,,,,"108,452","5,177","5,866","15,483","12,205","10,392","9,196","7,845","6,327","10,839","12,089","6,276","6,757"
충청남도,당진시,합덕수리민속박물관,내국인,"87,903","55,724","1,740","1,680","2,067","2,875","3,676","4,827","10,124","15,134","3,697","3,729","3,536","2,639","32,179","1,591",897,"1,014","1,009","1,491","2,804","3,905","3,820","3,362","5,309","4,788","2,189"
충청남도,당진시,합덕수리민속박물관,합계,"87,903","55,724","1,740","1,680","2,067","2,875","3,676","4,827","10,124","15,134","3,697","3,729","3,536","2,639","32,179","1,591",897,"1,014","1,009","1,491","2,804","3,905","3,820","3,362","5,309","4,788","2,189"
충청남도,금산군,개삼터공원,내국인,"21,678","11,445",242,529,497,788,"1,293",852,560,361,"1,418","3,764",694,447,"10,233",729,644,"1,007","1,093",772,457,657,551,"1,034","1,588","1,027",674
충청남도,금산군,개삼터공원,합계,"21,678","11,445",242,529,497,788,"1,293",852,560,361,"1,418","3,764",694,447,"10,233",729,644,"1,007","1,093",772,457,657,551,"1,034","1,588","1,027",674
충청남도,금산군,금산 보석사,내국인,"122,408","73,030","3,556","5,083","5,479","4,691","7,500","5,631","3,731","5,423","5,269","12,205","11,021","3,441","49,378","2,925","3,084","3,359","4,506","4,019","4,407","5,497","3,100","3,069","7,707","5,641","2,064"
충청남도,금산군,금산 보석사,합계,"122,408","73,030","3,556","5,083","5,479","4,691","7,500","5,631","3,731","5,423","5,269","12,205","11,021","3,441","49,378","2,925","3,084","3,359","4,506","4,019","4,407","5,497","3,100","3,069","7,707","5,641","2,064"
충청남도,금산군,금산산림문화타운 ,내국인,"162,294","106,968","2,565","4,182","6,608","1,249","6,069","7,550","18,801","31,694","6,826","9,503","6,332","5,589","55,326","4,582","3,617",0,888,"5,608","11,073",792,"15,938",0,"5,921","6,088",819
충청남도,금산군,금산산림문화타운 ,외국인,0,0,0,0,0,0,0,0,0,0,0,0,0,0,0,0,0,0,0,0,0,0,0,0,0,0,0
충청남도,금산군,금산산림문화타운 ,합계,"162,294","106,968","2,565","4,182","6,608","1,249","6,069","7,550","18,801","31,694","6,826","9,503","6,332","5,589","55,326","4,582","3,617",0,888,"5,608","11,073",792,"15,938",0,"5,921","6,088",819
충청남도,금산군,금산역사문화박물관,내국인,"46,252","27,504","1,845","1,759","2,093","2,603","2,797","2,280","2,384","2,817","2,303","2,506","2,249","1,868","18,748","1,764","1,480",709,845,"2,295","2,170","1,176","1,625",924,"1,427","3,182","1,151"
충청남도,금산군,금산역사문화박물관,합계,"46,252","27,504","1,845","1,759","2,093","2,603","2,797","2,280","2,384","2,817","2,303","2,506","2,249","1,868","18,748","1,764","1,480",709,845,"2,295","2,170","1,176","1,625",924,"1,427","3,182","1,151"
충청남도,금산군,금산인삼관,내국인,"41,784","37,159","1,052",723,"1,292","1,858","1,699","1,549","2,099","2,333","9,275","12,901","1,317","1,061","4,625",920,540,0,88,534,675,160,68,0,367,749,524
충청남도,금산군,금산인삼관,외국인,"1,566","1,540",9,7,23,21,100,426,85,50,529,187,56,47,26,19,7,0,0,0,0,0,0,0,0,0,0
충청남도,금산군,금산인삼관,합계,"43,350","38,699","1,061",730,"1,315","1,879","1,799","1,975","2,184","2,383","9,804","13,088","1,373","1,108","4,651",939,547,0,88,534,675,160,68,0,367,749,524
충청남도,금산군,에딘버러(구대둔)컨트리클럽,내국인,"134,024","66,475",510,"2,290","4,884","6,019","7,068","6,802","6,386","7,421","6,265","8,512","7,987","2,331","67,549","1,167","2,776","5,014","6,379","8,171","8,584","4,183","4,539","5,455","9,499","8,443","3,339"
충청남도,금산군,에딘버러(구대둔)컨트리클럽,외국인,0,0,0,0,0,0,0,0,0,0,0,0,0,0,0,0,0,0,0,0,0,0,0,0,0,0,0
충청남도,금산군,에딘버러(구대둔)컨트리클럽,합계,"134,024","66,475",510,"2,290","4,884","6,019","7,068","6,802","6,386","7,421","6,265","8,512","7,987","2,331","67,549","1,167","2,776","5,014","6,379","8,171","8,584","4,183","4,539","5,455","9,499","8,443","3,339"
충청남도,금산군,칠백의총,내국인,"110,040","61,969","2,546","4,343","4,346","5,057","6,549","5,260","2,646","3,617","4,746","9,672","9,218","3,969","48,071","4,477","2,660","5,315","5,089","4,722","3,831","4,093","3,735","4,949","5,550","2,337","1,313"
충청남도,금산군,칠백의총,외국인,510,394,4,29,6,25,30,5,130,33,16,79,34,3,116,20,7,4,37,7,0,0,2,7,28,4,0
충청남도,금산군,칠백의총,합계,"110,550","62,363","2,550","4,372","4,352","5,082","6,579","5,265","2,776","3,650","4,762","9,751","9,252","3,972","48,187","4,497","2,667","5,319","5,126","4,729","3,831","4,093","3,737","4,956","5,578","2,341","1,313"
충청남도,부여군,국립부여박물관,내국인,"790,861","649,236","32,137","46,439","45,427","45,443","59,371","72,202","74,273","75,051","49,557","72,428","38,149","38,759","141,625","42,393","20,105",0,0,"5,934","7,334","10,210","19,090",756,"16,262","14,984","4,557"
충청남도,부여군,국립부여박물관,외국인,"5,993","5,514",95,110,277,453,703,325,507,734,416,"1,157",542,195,479,214,54,0,0,29,27,41,41,2,26,38,7
충청남도,부여군,국립부여박물관,합계,"796,854","654,750","32,232","46,549","45,704","45,896","60,074","72,527","74,780","75,785","49,973","73,585","38,691","38,954","142,104","42,607","20,159",0,0,"5,963","7,361","10,251","19,131",758,"16,288","15,022","4,564"
충청남도,부여군,굿뜨래웰빙마을 글램핑,내국인,"8,847","5,920",206,288,266,305,555,572,754,934,208,688,543,601,"2,927",377,345,0,0,0,276,367,684,0,281,426,171
충청남도,부여군,굿뜨래웰빙마을 글램핑,합계,"8,847","5,920",206,288,266,305,555,572,754,934,208,688,543,601,"2,927",377,345,0,0,0,276,367,684,0,281,426,171
충청남도,부여군,능산리고분군(왕릉),내국인,"62,563","38,582","1,510","1,884","3,176","3,987","4,669","3,379","2,550","2,221","2,553","6,497","4,234","1,922","23,981","1,933","1,101","1,085","1,176","2,447","1,644","2,123","2,269","2,035","3,626","3,274","1,268"
충청남도,부여군,능산리고분군(왕릉),외국인,838,809,11,7,18,147,68,61,68,100,86,126,64,53,29,4,4,3,0,5,3,3,4,0,0,3,0
충청남도,부여군,능산리고분군(왕릉),합계,"63,401","39,391","1,521","1,891","3,194","4,134","4,737","3,440","2,618","2,321","2,639","6,623","4,298","1,975","24,010","1,937","1,105","1,088","1,176","2,452","1,647","2,126","2,273","2,035","3,626","3,277","1,268"
충청남도,부여군,롯데리조트(아쿠아가든),내국인,"158,805","121,149","12,897","14,477","5,030","6,772","9,620","9,777","18,475","17,728","7,990","4,007","3,310","11,066","37,656","6,647","1,243",849,680,"4,273","3,699","8,046","10,417","1,519",0,0,283
충청남도,부여군,롯데리조트(아쿠아가든),외국인,0,0,0,0,0,0,0,0,0,0,0,0,0,0,0,0,0,0,0,0,0,0,0,0,0,0,0
충청남도,부여군,롯데리조트(아쿠아가든),합계,"158,805","121,149","12,897","14,477","5,030","6,772","9,620","9,777","18,475","17,728","7,990","4,007","3,310","11,066","37,656","6,647","1,243",849,680,"4,273","3,699","8,046","10,417","1,519",0,0,283
충청남도,부여군,롯데스카이힐부여C.C,내국인,"185,057","88,174","2,628","4,107","7,646","8,844","9,726","9,684","8,744","8,787","7,277","9,008","7,543","4,180","96,883","3,299","4,610","7,672","9,146","9,991","10,043","9,300","9,547","9,193","9,981","8,333","5,768"
충청남도,부여군,롯데스카이힐부여C.C,외국인,5,5,0,0,0,1,0,1,1,0,1,1,0,0,0,0,0,0,0,0,0,0,0,0,0,0,0
충청남도,부여군,롯데스카이힐부여C.C,합계,"185,062","88,179","2,628","4,107","7,646","8,845","9,726","9,685","8,745","8,787","7,278","9,009","7,543","4,180","96,883","3,299","4,610","7,672","9,146","9,991","10,043","9,300","9,547","9,193","9,981","8,333","5,768"
충청남도,부여군,만수산자연휴양림,내국인,"21,434","19,352",596,767,760,"1,434","1,167","1,391","2,760","4,894","1,282","1,975","1,268","1,058","2,082",987,657,0,44,38,111,89,26,20,7,60,43
충청남도,부여군,만수산자연휴양림,외국인,1,1,0,0,0,0,0,0,1,0,0,0,0,0,0,0,0,0,0,0,0,0,0,0,0,0,0
충청남도,부여군,만수산자연휴양림,합계,"21,435","19,353",596,767,760,"1,434","1,167","1,391","2,761","4,894","1,282","1,975","1,268","1,058","2,082",987,657,0,44,38,111,89,26,20,7,60,43
충청남도,부여군,무량사,내국인,"127,227","87,237","5,814","4,393","7,619","4,292","25,683","5,106","6,680","5,025","5,229","9,184","5,469","2,743","39,990","2,153","1,840","1,817","4,637","6,041","2,926","2,954","3,113","2,530","5,711","4,415","1,853"
충청남도,부여군,무량사,외국인,290,290,65,0,30,0,0,10,25,0,60,70,25,5,0,0,0,0,0,0,0,0,0,0,0,0,0
충청남도,부여군,무량사,합계,"127,517","87,527","5,879","4,393","7,649","4,292","25,683","5,116","6,705","5,025","5,289","9,254","5,494","2,748","39,990","2,153","1,840","1,817","4,637","6,041","2,926","2,954","3,113","2,530","5,711","4,415","1,853"
충청남도,부여군,백마강레저파크,내국인,"16,871","4,016",,,,,,,720,"1,132",420,904,616,224,"12,855",466,371,470,756,"1,628","1,144",856,"1,504","1,180","2,576","1,288",616
충청남도,부여군,백마강레저파크,합계,"16,871","4,016",,,,,,,720,"1,132",420,904,616,224,"12,855",466,371,470,756,"1,628","1,144",856,"1,504","1,180","2,576","1,288",616
충청남도,부여군,백제문화단지,내국인,"548,350","377,652","15,302","20,831","26,225","43,980","52,156","33,456","31,719","20,203","41,516","48,698","24,295","19,271","170,698","20,259","8,997","5,386","6,870","18,831","10,329","13,452","18,739","16,604","26,283","19,408","5,540"
충청남도,부여군,백제문화단지,외국인,790,744,12,0,2,28,33,36,13,129,163,216,106,6,46,4,42,0,0,0,0,0,0,0,0,0,0
충청남도,부여군,백제문화단지,합계,"549,140","378,396","15,314","20,831","26,227","44,008","52,189","33,492","31,732","20,332","41,679","48,914","24,401","19,277","170,744","20,263","9,039","5,386","6,870","18,831","10,329","13,452","18,739","16,604","26,283","19,408","5,540"
충청남도,부여군,백제보 금강문화관,내국인,"169,243","151,469","11,917","12,477","12,728","10,183","11,847","11,827","11,709","11,669","12,000","14,803","14,795","15,514","17,774","13,823","3,951",0,0,0,0,0,0,0,0,0,0
충청남도,부여군,백제보 금강문화관,합계,"169,243","151,469","11,917","12,477","12,728","10,183","11,847","11,827","11,709","11,669","12,000","14,803","14,795","15,514","17,774","13,823","3,951",0,0,0,0,0,0,0,0,0,0
충청남도,부여군,백제컨트리클럽,내국인,"260,779","124,297","3,700","4,700","10,400","11,941","13,977","14,900","10,400","10,535","11,044","14,100","13,100","5,500","136,482","5,417","5,859","9,374","11,941","15,053","14,721","12,017","10,299","13,810","15,397","14,383","8,211"
충청남도,부여군,백제컨트리클럽,합계,"260,779","124,297","3,700","4,700","10,400","11,941","13,977","14,900","10,400","10,535","11,044","14,100","13,100","5,500","136,482","5,417","5,859","9,374","11,941","15,053","14,721","12,017","10,299","13,810","15,397","14,383","8,211"
충청남도,부여군,부소산성,내국인,"719,922","452,439","18,438","21,255","31,103","46,334","58,603","41,504","42,629","30,521","28,215","65,741","47,398","20,698","267,483","16,546","13,522","19,291","21,184","32,059","22,114","27,514","17,619","18,711","35,654","32,090","11,179"
충청남도,부여군,부소산성,외국인,"5,635","5,244",72,68,287,527,484,324,296,301,321,676,"1,749",139,391,64,41,2,5,47,40,30,9,14,76,61,2
충청남도,부여군,부소산성,합계,"725,557","457,683","18,510","21,323","31,390","46,861","59,087","41,828","42,925","30,822","28,536","66,417","49,147","20,837","267,874","16,610","13,563","19,293","21,189","32,106","22,154","27,544","17,628","18,725","35,730","32,151","11,181"
충청남도,부여군,부여 국악의전당,내국인,"2,521","2,471",,,,,,,582,755,427,537,170,0,50,0,0,0,0,0,0,0,50,0,0,0,0
충청남도,부여군,부여 국악의전당,합계,"2,521","2,471",,,,,,,582,755,427,537,170,0,50,0,0,0,0,0,0,0,50,0,0,0,0
충청남도,부여군,부여 생활사박물관,내국인,"18,917","12,782",830,726,"1,142",800,"1,115","1,395","1,586","1,229",675,"1,779",826,679,"6,135",726,747,208,0,764,587,435,786,392,675,603,212
충청남도,부여군,부여 생활사박물관,합계,"18,917","12,782",830,726,"1,142",800,"1,115","1,395","1,586","1,229",675,"1,779",826,679,"6,135",726,747,208,0,764,587,435,786,392,675,603,212
충청남도,부여군,부여 청소년수련원,내국인,"33,581","28,051",351,"1,210",476,"3,018","3,248","2,817","1,392","3,439","3,439","4,444","2,642","1,575","5,530",928,"1,195",30,30,30,228,459,877,29,470,998,256
충청남도,부여군,부여 청소년수련원,합계,"33,581","28,051",351,"1,210",476,"3,018","3,248","2,817","1,392","3,439","3,439","4,444","2,642","1,575","5,530",928,"1,195",30,30,30,228,459,877,29,470,998,256
충청남도,부여군,부여기와마을,내국인,"9,887","6,651",,,,,,,"1,185","1,238","1,290","1,610",786,542,"3,236",253,138,63,72,197,165,315,381,356,666,622,8
충청남도,부여군,부여기와마을,외국인,415,0,,,,,,,0,0,0,0,0,0,415,55,0,0,0,47,50,22,23,0,70,148,0
충청남도,부여군,부여기와마을,합계,"10,302","6,651",,,,,,,"1,185","1,238","1,290","1,610",786,542,"3,651",308,138,63,72,244,215,337,404,356,736,770,8
충청남도,부여군,부여유람선선착장,내국인,"222,972","150,064","2,828","3,703","9,103","15,866","17,591","14,280","13,974","12,888","11,213","26,153","18,401","4,064","72,908","3,628","1,600",520,"2,673","9,279","7,319","9,085","6,845","5,168","15,584","9,672","1,535"
충청남도,부여군,부여유람선선착장,합계,"222,972","150,064","2,828","3,703","9,103","15,866","17,591","14,280","13,974","12,888","11,213","26,153","18,401","4,064","72,908","3,628","1,600",520,"2,673","9,279","7,319","9,085","6,845","5,168","15,584","9,672","1,535"
충청남도,부여군,사비도성 가상체험관,내국인,"20,037","14,217",778,815,898,919,"1,990","1,744","1,265","1,307",910,"1,727","1,053",811,"5,820",902,405,0,0,369,488,706,906,0,824,849,371
충청남도,부여군,사비도성 가상체험관,외국인,38,21,0,0,0,0,0,0,1,4,6,6,4,0,17,7,0,0,0,0,0,0,5,0,3,0,2
충청남도,부여군,사비도성 가상체험관,합계,"20,075","14,238",778,815,898,919,"1,990","1,744","1,266","1,311",916,"1,733","1,057",811,"5,837",909,405,0,0,369,488,706,911,0,827,849,373
충청남도,부여군,서동요테마파크,내국인,"39,172","24,825","1,220","1,641","1,909","2,396","2,255","2,269","2,121","1,875","2,198","3,560","2,207","1,174","14,347","1,277",625,0,0,857,969,"1,428","1,649","1,552","3,220","1,615","1,155"
충청남도,부여군,서동요테마파크,외국인,0,0,0,0,0,0,0,0,0,0,0,0,0,0,0,0,0,0,0,0,0,0,0,0,0,0,0
충청남도,부여군,서동요테마파크,합계,"39,172","24,825","1,220","1,641","1,909","2,396","2,255","2,269","2,121","1,875","2,198","3,560","2,207","1,174","14,347","1,277",625,0,0,857,969,"1,428","1,649","1,552","3,220","1,615","1,155"
충청남도,부여군,송정그림책마을,내국인,"1,194",,,,,,,,,,,,,,"1,194",668,85,4,0,0,0,0,119,4,123,191,0
충청남도,부여군,송정그림책마을,외국인,0,,,,,,,,,,,,,,0,0,0,0,0,0,0,0,0,0,0,0,0
충청남도,부여군,송정그림책마을,합계,"1,194",,,,,,,,,,,,,,"1,194",668,85,4,0,0,0,0,119,4,123,191,0
충청남도,부여군,신동엽문학관,내국인,"85,600","63,474","1,959","3,376","3,219","9,719","7,169","4,569","4,569","3,564","7,358","6,314","8,038","3,620","22,126","1,713","1,600",144,665,"1,810","1,858","2,714","2,188","1,121","2,879","1,963","3,471"
충청남도,부여군,신동엽문학관,합계,"85,600","63,474","1,959","3,376","3,219","9,719","7,169","4,569","4,569","3,564","7,358","6,314","8,038","3,620","22,126","1,713","1,600",144,665,"1,810","1,858","2,714","2,188","1,121","2,879","1,963","3,471"
충청남도,부여군,인삼박물관,내국인,"6,240","6,201",182,232,261,383,385,435,485,537,722,"1,307",859,413,39,39,0,0,0,0,0,0,0,0,0,0,0
충청남도,부여군,인삼박물관,외국인,"1,091","1,056",49,2,49,179,57,27,99,41,101,218,204,30,35,35,0,0,0,0,0,0,0,0,0,0,0
충청남도,부여군,인삼박물관,합계,"7,331","7,257",231,234,310,562,442,462,584,578,823,"1,525","1,063",443,74,74,0,0,0,0,0,0,0,0,0,0,0
충청남도,부여군,정림사지,내국인,"239,009","154,668","6,906","7,594","10,323","14,866","17,258","12,577","13,089","10,388","10,318","27,349","16,707","7,293","84,341","6,200","3,937","2,724","3,288","7,765","4,777","9,087","9,837","5,723","11,671","12,825","6,507"
충청남도,부여군,정림사지,외국인,"4,670","4,404",138,91,330,716,641,494,377,378,296,402,463,78,266,50,43,8,2,13,39,35,29,15,9,23,0
충청남도,부여군,정림사지,합계,"243,679","159,072","7,044","7,685","10,653","15,582","17,899","13,071","13,466","10,766","10,614","27,751","17,170","7,371","84,607","6,250","3,980","2,732","3,290","7,778","4,816","9,122","9,866","5,738","11,680","12,848","6,507"
충청남도,부여군,홍산동헌,내국인,"12,565","9,625",112,174,238,"5,672",343,312,384,"1,143",333,460,309,145,"2,940",135,190,30,118,391,223,210,197,590,454,248,154
충청남도,부여군,홍산동헌,합계,"12,565","9,625",112,174,238,"5,672",343,312,384,"1,143",333,460,309,145,"2,940",135,190,30,118,391,223,210,197,590,454,248,154
충청남도,서천군,국립생태원,내국인,"1,041,446","823,805","47,807","48,895","77,069","115,972","114,608","64,508","37,795","55,360","50,591","109,194","56,759","45,247","217,641","44,527","11,687",0,"3,455","23,227","19,746","22,835","28,209","5,503","28,901","26,514","3,037"
충청남도,서천군,국립생태원,외국인,"1,047",804,370,86,89,0,0,0,47,104,87,5,5,11,243,116,0,0,0,0,0,74,53,0,0,0,0
충청남도,서천군,국립생태원,합계,"1,042,493","824,609","48,177","48,981","77,158","115,972","114,608","64,508","37,842","55,464","50,678","109,199","56,764","45,258","217,884","44,643","11,687",0,"3,455","23,227","19,746","22,909","28,262","5,503","28,901","26,514","3,037"
충청남도,서천군,국립해양생물자원관,내국인,"276,436","214,088","13,365","16,325","19,163","18,526","23,631","20,448","16,184","23,685","15,472","20,652","13,007","13,630","62,348","12,212","3,382",0,0,"4,092","6,982","8,108","12,126",291,"7,740","5,615","1,800"
충청남도,서천군,국립해양생물자원관,합계,"276,436","214,088","13,365","16,325","19,163","18,526","23,631","20,448","16,184","23,685","15,472","20,652","13,007","13,630","62,348","12,212","3,382",0,0,"4,092","6,982","8,108","12,126",291,"7,740","5,615","1,800"
충청남도,서천군,마량리동백나무숲,내국인,"183,212","153,529","4,464","7,698","70,127","34,732","9,727","4,441","2,492","3,064","2,551","6,030","3,619","4,584","29,683","6,222","5,364",0,0,"1,732","2,905","2,242","2,094",0,"3,694","3,006","2,424"
충청남도,서천군,마량리동백나무숲,외국인,0,0,0,0,0,0,0,0,0,0,0,0,0,0,0,0,0,0,0,0,0,0,0,0,0,0,0
충청남도,서천군,마량리동백나무숲,합계,"183,212","153,529","4,464","7,698","70,127","34,732","9,727","4,441","2,492","3,064","2,551","6,030","3,619","4,584","29,683","6,222","5,364",0,0,"1,732","2,905","2,242","2,094",0,"3,694","3,006","2,424"
충청남도,서천군,장항 스카이워크,내국인,"476,877","356,452","13,525","15,470","22,240","28,384","38,466","38,137","26,115","36,510","26,285","57,016","33,585","20,719","120,425","16,949","9,334",735,0,"8,449","16,149","22,276","26,970",0,"7,747","8,482","3,334"
충청남도,서천군,장항 스카이워크,합계,"476,877","356,452","13,525","15,470","22,240","28,384","38,466","38,137","26,115","36,510","26,285","57,016","33,585","20,719","120,425","16,949","9,334",735,0,"8,449","16,149","22,276","26,970",0,"7,747","8,482","3,334"
충청남도,서천군,조류생태전시관,내국인,"104,820","89,811","5,568","5,576","3,913","2,888","4,061","3,241","3,511","4,180","3,498","4,033","43,972","5,370","15,009","5,112","1,686",0,0,"1,105","1,005","1,252","1,131",0,"1,114","1,848",756
충청남도,서천군,조류생태전시관,외국인,0,0,0,0,0,0,0,0,0,0,0,0,0,0,0,0,0,0,0,0,0,0,0,0,0,0,0
충청남도,서천군,조류생태전시관,합계,"104,820","89,811","5,568","5,576","3,913","2,888","4,061","3,241","3,511","4,180","3,498","4,033","43,972","5,370","15,009","5,112","1,686",0,0,"1,105","1,005","1,252","1,131",0,"1,114","1,848",756
충청남도,서천군,한국최초 성경전래지 기념관,내국인,"68,018","53,018","1,897","1,995","6,765","6,793","7,900","4,596","2,884","5,289","2,630","7,123","2,937","2,209","15,000","2,288","1,127",0,0,510,740,675,"1,061",0,"7,389",911,299
충청남도,서천군,한국최초 성경전래지 기념관,합계,"68,018","53,018","1,897","1,995","6,765","6,793","7,900","4,596","2,884","5,289","2,630","7,123","2,937","2,209","15,000","2,288","1,127",0,0,510,740,675,"1,061",0,"7,389",911,299
충청남도,서천군,한산모시관,내국인,"416,118","383,555","1,226","1,360","2,252","3,080","3,527","352,052","3,016","2,731","2,651","5,802","3,643","2,215","32,563","2,289","1,080","1,835",0,"4,765","12,055","2,347","1,968",637,"3,230","1,698",659
충청남도,서천군,한산모시관,외국인,382,382,2,4,2,37,21,316,0,0,0,0,0,0,0,0,0,0,0,0,0,0,0,0,0,0,0
충청남도,서천군,한산모시관,합계,"416,500","383,937","1,228","1,364","2,254","3,117","3,548","352,368","3,016","2,731","2,651","5,802","3,643","2,215","32,563","2,289","1,080","1,835",0,"4,765","12,055","2,347","1,968",637,"3,230","1,698",659
충청남도,서천군,희리산자연휴양림,내국인,"101,973","59,575","7,286","6,442","8,743","2,360","2,394","8,121","5,252","8,186",425,"1,884","4,430","4,052","42,398","4,055","2,567",897,0,283,999,"8,773","9,396",0,"7,047","5,150","3,231"
충청남도,서천군,희리산자연휴양림,외국인,0,0,0,0,0,0,0,0,0,0,0,0,0,0,0,0,0,0,0,0,0,0,0,0,0,0,0
충청남도,서천군,희리산자연휴양림,합계,"101,973","59,575","7,286","6,442","8,743","2,360","2,394","8,121","5,252","8,186",425,"1,884","4,430","4,052","42,398","4,055","2,567",897,0,283,999,"8,773","9,396",0,"7,047","5,150","3,231"
충청남도,청양군,고운식물원,내국인,"73,863","44,341",414,640,"2,141","10,284","12,035","4,073","3,355","1,528","2,184","4,732","2,473",482,"29,522",236,22,"1,878","4,733","6,545","2,788","2,161","1,297","1,421","5,502","2,651",288
충청남도,청양군,고운식물원,외국인,0,0,0,0,0,0,0,0,0,0,0,0,0,0,0,0,0,0,0,0,0,0,0,0,0,0,0
충청남도,청양군,고운식물원,합계,"73,863","44,341",414,640,"2,141","10,284","12,035","4,073","3,355","1,528","2,184","4,732","2,473",482,"29,522",236,22,"1,878","4,733","6,545","2,788","2,161","1,297","1,421","5,502","2,651",288
충청남도,청양군,다락골 줄무덤,내국인,"103,706","55,281","1,631","2,315","4,965","3,621","3,907","3,071","2,536","3,626","5,666","12,617","6,687","4,639","48,425","6,489","6,752",920,910,"4,042","4,544","3,234","3,937","3,639","3,295","2,435","8,228"
충청남도,청양군,다락골 줄무덤,합계,"103,706","55,281","1,631","2,315","4,965","3,621","3,907","3,071","2,536","3,626","5,666","12,617","6,687","4,639","48,425","6,489","6,752",920,910,"4,042","4,544","3,234","3,937","3,639","3,295","2,435","8,228"
충청남도,청양군,모덕사,내국인,"47,180","22,205",447,737,"1,569","2,701","2,070","1,401","2,291","4,189","3,229","1,574","1,245",752,"24,975","1,826","1,382","1,218","1,300","2,194","1,309","5,537","4,458","2,034","1,140","1,598",979
충청남도,청양군,모덕사,합계,"47,180","22,205",447,737,"1,569","2,701","2,070","1,401","2,291","4,189","3,229","1,574","1,245",752,"24,975","1,826","1,382","1,218","1,300","2,194","1,309","5,537","4,458","2,034","1,140","1,598",979
충청남도,청양군,목재문화자연사체험관,내국인,"62,658","50,745","6,262","4,249","5,246","2,914","4,131","4,446","4,221","6,555","2,539","3,461","2,622","4,099","11,913","3,505",866,0,0,737,"1,051",761,"2,682",0,671,"1,616",24
충청남도,청양군,목재문화자연사체험관,합계,"62,658","50,745","6,262","4,249","5,246","2,914","4,131","4,446","4,221","6,555","2,539","3,461","2,622","4,099","11,913","3,505",866,0,0,737,"1,051",761,"2,682",0,671,"1,616",24
충청남도,청양군,백제문화체험박물관,내국인,"41,930","34,270","2,869","2,493","3,018","3,874","3,658","2,822","1,915","3,600","2,983","3,293","2,518","1,227","7,660","1,984",788,0,0,679,"1,072",567,"1,033",0,473,"1,048",16
충청남도,청양군,백제문화체험박물관,합계,"41,930","34,270","2,869","2,493","3,018","3,874","3,658","2,822","1,915","3,600","2,983","3,293","2,518","1,227","7,660","1,984",788,0,0,679,"1,072",567,"1,033",0,473,"1,048",16
충청남도,청양군,알프스마을(도농교류센터),내국인,"598,797","416,178","48,748","60,544","38,753","42,308","33,858","33,799","28,153","28,629","21,790","15,037","11,450","53,109","182,619","104,802","19,720","5,988","6,321","7,031","7,086","5,455","4,928","3,672","6,373","6,930","4,313"
충청남도,청양군,알프스마을(도농교류센터),외국인,"2,563","1,271",0,328,0,128,77,86,83,112,80,104,135,138,"1,292","1,014",160,32,18,29,22,6,6,5,0,0,0
충청남도,청양군,알프스마을(도농교류센터),합계,"601,360","417,449","48,748","60,872","38,753","42,436","33,935","33,885","28,236","28,741","21,870","15,141","11,585","53,247","183,911","105,816","19,880","6,020","6,339","7,060","7,108","5,461","4,934","3,677","6,373","6,930","4,313"
충청남도,청양군,장곡사,내국인,"244,743","158,232","11,025","13,166","15,005","21,991","16,310","12,791","7,469","11,345","9,097","16,255","13,970","9,808","86,511","8,925","7,575","4,580","16,943","10,966","7,375","5,729","5,438","5,180","11,914","1,598",288
충청남도,청양군,장곡사,합계,"244,743","158,232","11,025","13,166","15,005","21,991","16,310","12,791","7,469","11,345","9,097","16,255","13,970","9,808","86,511","8,925","7,575","4,580","16,943","10,966","7,375","5,729","5,438","5,180","11,914","1,598",288
충청남도,청양군,천장호 출렁다리,내국인,"812,043","495,337","64,478","44,195","42,473","55,690","44,770","34,909","21,613","31,263","23,936","51,577","45,819","34,614","316,706","45,062","30,479","25,765","28,372","27,485","19,096","17,533","19,467","16,662","39,352","27,773","19,660"
충청남도,청양군,천장호 출렁다리,합계,"812,043","495,337","64,478","44,195","42,473","55,690","44,770","34,909","21,613","31,263","23,936","51,577","45,819","34,614","316,706","45,062","30,479","25,765","28,372","27,485","19,096","17,533","19,467","16,662","39,352","27,773","19,660"
충청남도,청양군,청양 군포시 청소년수련원,내국인,"26,805","25,222","1,369",640,"1,316","2,976","2,725","2,801","3,613","4,791","1,381","1,430","1,705",475,"1,583",382,80,0,0,0,341,0,102,0,92,438,148
충청남도,청양군,청양 군포시 청소년수련원,외국인,0,0,0,0,0,0,0,0,0,0,0,0,0,0,0,0,0,0,0,0,0,0,0,0,0,0,0
충청남도,청양군,청양 군포시 청소년수련원,합계,"26,805","25,222","1,369",640,"1,316","2,976","2,725","2,801","3,613","4,791","1,381","1,430","1,705",475,"1,583",382,80,0,0,0,341,0,102,0,92,438,148
충청남도,청양군,청양 숭의 청소년수련원,내국인,"28,101","27,741","1,140","1,590","2,383","4,800","4,834","3,165","2,182","3,045","2,411","1,291",400,500,360,0,150,0,0,0,0,0,0,0,150,60,0
충청남도,청양군,청양 숭의 청소년수련원,외국인,0,0,0,0,0,0,0,0,0,0,0,0,0,0,0,0,0,0,0,0,0,0,0,0,0,0,0
충청남도,청양군,청양 숭의 청소년수련원,합계,"28,101","27,741","1,140","1,590","2,383","4,800","4,834","3,165","2,182","3,045","2,411","1,291",400,500,360,0,150,0,0,0,0,0,0,0,150,60,0
충청남도,청양군,청양고추문화마을,내국인,"11,317","10,172",576,378,786,683,829,802,800,"2,131",734,691,803,959,"1,145",915,230,0,0,0,0,0,0,0,0,0,0
충청남도,청양군,청양고추문화마을,외국인,0,0,0,0,0,0,0,0,0,0,0,0,0,0,0,0,0,0,0,0,0,0,0,0,0,0,0
충청남도,청양군,청양고추문화마을,합계,"11,317","10,172",576,378,786,683,829,802,800,"2,131",734,691,803,959,"1,145",915,230,0,0,0,0,0,0,0,0,0,0
충청남도,청양군,청양동강리오토캠핑장,내국인,"8,789","6,065",88,76,436,550,990,745,172,288,616,"1,152",788,164,"2,724",288,304,0,0,781,746,174,227,0,0,204,0
충청남도,청양군,청양동강리오토캠핑장,외국인,0,0,0,0,0,0,0,0,0,0,0,0,0,0,0,0,0,0,0,0,0,0,0,0,0,0,0
충청남도,청양군,청양동강리오토캠핑장,합계,"8,789","6,065",88,76,436,550,990,745,172,288,616,"1,152",788,164,"2,724",288,304,0,0,781,746,174,227,0,0,204,0
충청남도,청양군,청양칠갑산오토캠핑장,내국인,"35,236","23,288",653,896,"1,011","1,799","2,520","2,612","1,945","2,795","1,830","2,984","2,635","1,608","11,948","1,720","1,500",19,0,"2,044","2,303",500,"1,285",0,"1,160","1,410",7
충청남도,청양군,청양칠갑산오토캠핑장,외국인,0,0,0,0,0,0,0,0,0,0,0,0,0,0,0,0,0,0,0,0,0,0,0,0,0,0,0
충청남도,청양군,청양칠갑산오토캠핑장,합계,"35,236","23,288",653,896,"1,011","1,799","2,520","2,612","1,945","2,795","1,830","2,984","2,635","1,608","11,948","1,720","1,500",19,0,"2,044","2,303",500,"1,285",0,"1,160","1,410",7
충청남도,청양군,칠갑산도립공원(산장로),내국인,"233,363","70,022","7,614","6,434","7,812","6,853","6,383","6,668","4,409","5,515","5,329","7,915","3,426","1,664","163,341","6,172","4,755","26,724","24,942","17,902","14,389","15,597","9,720","9,289","14,891","11,539","7,421"
충청남도,청양군,칠갑산도립공원(산장로),합계,"233,363","70,022","7,614","6,434","7,812","6,853","6,383","6,668","4,409","5,515","5,329","7,915","3,426","1,664","163,341","6,172","4,755","26,724","24,942","17,902","14,389","15,597","9,720","9,289","14,891","11,539","7,421"
충청남도,청양군,칠갑산자연휴양림,내국인,"42,794","20,936","1,601","1,616","1,381","1,113","1,910","1,679","1,562","4,362","1,630","2,183","1,051",848,"21,858","1,821",972,0,0,900,"1,289",861,"10,190",0,"1,644","4,141",40
충청남도,청양군,칠갑산자연휴양림,외국인,0,0,0,0,0,0,0,0,0,0,0,0,0,0,0,0,0,0,0,0,0,0,0,0,0,0,0
충청남도,청양군,칠갑산자연휴양림,합계,"42,794","20,936","1,601","1,616","1,381","1,113","1,910","1,679","1,562","4,362","1,630","2,183","1,051",848,"21,858","1,821",972,0,0,900,"1,289",861,"10,190",0,"1,644","4,141",40
충청남도,청양군,칠갑산천문대,내국인,"21,600","16,053","1,950",925,741,843,"1,957","1,009",773,"2,981",595,"1,910","1,035","1,334","5,547","1,157",469,0,0,431,825,226,816,0,691,911,21
충청남도,청양군,칠갑산천문대,외국인,0,0,0,0,0,0,0,0,0,0,0,0,0,0,0,0,0,0,0,0,0,0,0,0,0,0,0
충청남도,청양군,칠갑산천문대,합계,"21,600","16,053","1,950",925,741,843,"1,957","1,009",773,"2,981",595,"1,910","1,035","1,334","5,547","1,157",469,0,0,431,825,226,816,0,691,911,21
충청남도,청양군,칠갑산휴양랜드,내국인,"5,047",,,,,,,,,,,,,,"5,047","1,083",423,0,0,346,857,216,972,0,432,710,8
충청남도,청양군,칠갑산휴양랜드,합계,"5,047",,,,,,,,,,,,,,"5,047","1,083",423,0,0,346,857,216,972,0,432,710,8
충청남도,홍성군,거북이마을,내국인,"20,903","16,854",619,732,"1,065","2,751","1,189",933,946,831,"1,603","2,542","2,086","1,557","4,049",711,311,331,238,202,432,432,501,358,151,239,143
충청남도,홍성군,거북이마을,외국인,160,93,0,0,0,0,0,0,8,11,0,43,20,11,67,0,0,0,13,31,18,1,0,4,0,0,0
충청남도,홍성군,거북이마을,합계,"21,063","16,947",619,732,"1,065","2,751","1,189",933,954,842,"1,603","2,585","2,106","1,568","4,116",711,311,331,251,233,450,433,501,362,151,239,143
충청남도,홍성군,고암 이응노 생가기념관,내국인,"50,571","23,429","1,289","1,201","1,951","3,061","2,945","1,314","2,278","1,640","2,105","2,382","1,984","1,279","27,142",939,"1,313","1,554","1,916","1,839","1,974","2,048","1,242","1,940","7,621","3,433","1,323"
충청남도,홍성군,고암 이응노 생가기념관,합계,"50,571","23,429","1,289","1,201","1,951","3,061","2,945","1,314","2,278","1,640","2,105","2,382","1,984","1,279","27,142",939,"1,313","1,554","1,916","1,839","1,974","2,048","1,242","1,940","7,621","3,433","1,323"
충청남도,홍성군,그림이 있는 정원,내국인,"33,534","21,394",414,383,"1,327","3,582","5,003","2,266","1,047",995,"1,333","3,115","1,394",535,"12,140",468,293,629,"1,386","2,310","1,165",840,645,776,"2,203","1,133",292
충청남도,홍성군,그림이 있는 정원,외국인,84,69,1,4,9,9,28,11,1,1,0,0,5,0,15,1,0,4,0,0,1,0,0,9,0,0,0
충청남도,홍성군,그림이 있는 정원,합계,"33,618","21,463",415,387,"1,336","3,591","5,031","2,277","1,048",996,"1,333","3,115","1,399",535,"12,155",469,293,633,"1,386","2,310","1,166",840,645,785,"2,203","1,133",292
충청남도,홍성군,김좌진장군생가,내국인,"82,147","55,156","2,928","3,394","5,491","8,450","6,605","4,136","3,093","3,420","3,376","7,408","4,701","2,154","26,991","2,114","1,824","1,515","1,771","2,324","1,550","1,888","2,426","2,224","4,079","3,937","1,339"
충청남도,홍성군,김좌진장군생가,합계,"82,147","55,156","2,928","3,394","5,491","8,450","6,605","4,136","3,093","3,420","3,376","7,408","4,701","2,154","26,991","2,114","1,824","1,515","1,771","2,324","1,550","1,888","2,426","2,224","4,079","3,937","1,339"
충청남도,홍성군,문당환경농업마을,내국인,"7,547","4,335",207,230,187,555,419,261,396,453,491,265,650,221,"3,212",216,241,201,38,83,152,286,319,127,611,872,66
충청남도,홍성군,문당환경농업마을,외국인,25,25,0,0,0,0,0,0,0,0,0,0,25,0,0,0,0,0,0,0,0,0,0,0,0,0,0
충청남도,홍성군,문당환경농업마을,합계,"7,572","4,360",207,230,187,555,419,261,396,453,491,265,675,221,"3,212",216,241,201,38,83,152,286,319,127,611,872,66
충청남도,홍성군,속동전망대,내국인,"74,735",,,,,,,,,,,,,,"74,735",,,,"6,591","11,107","8,822","9,036","8,443","9,955","12,351","4,357","4,073"
충청남도,홍성군,속동전망대,합계,"74,735",,,,,,,,,,,,,,"74,735",,,,"6,591","11,107","8,822","9,036","8,443","9,955","12,351","4,357","4,073"
충청남도,홍성군,식기박물관,내국인,"47,767","22,200","2,250","1,075","1,507","1,200","1,931","2,068","1,819","1,672","1,747","3,094","2,380","1,457","25,567","1,683",958,"1,007","2,207","2,397","2,417","2,293","2,701","2,090","3,121","2,617","2,076"
충청남도,홍성군,식기박물관,외국인,0,0,0,0,0,0,0,0,0,0,0,0,0,0,0,0,0,0,0,0,0,0,0,0,0,0,0
충청남도,홍성군,식기박물관,합계,"47,767","22,200","2,250","1,075","1,507","1,200","1,931","2,068","1,819","1,672","1,747","3,094","2,380","1,457","25,567","1,683",958,"1,007","2,207","2,397","2,417","2,293","2,701","2,090","3,121","2,617","2,076"
충청남도,홍성군,오서산(상당주차장입구),내국인,"55,554","21,561","1,705","2,091","1,439","1,306","2,152","1,308","1,323","1,063","2,011","3,069","2,843","1,251","33,993","1,415","1,696","2,652","6,781","2,136","1,505","2,586","3,305","2,492","3,570","3,042","2,813"
충청남도,홍성군,오서산(상당주차장입구),합계,"55,554","21,561","1,705","2,091","1,439","1,306","2,152","1,308","1,323","1,063","2,011","3,069","2,843","1,251","33,993","1,415","1,696","2,652","6,781","2,136","1,505","2,586","3,305","2,492","3,570","3,042","2,813"
충청남도,홍성군,용봉산 (용봉초 매표소),내국인,"68,583","42,772","1,382","2,413","3,903","2,407","1,601","1,410","3,281","3,846","4,745","6,944","6,262","4,578","25,811","4,531","3,440","3,229",609,997,539,"1,717","1,354","1,590","2,986","2,605","2,214"
충청남도,홍성군,용봉산 (용봉초 매표소),외국인,0,0,0,0,0,0,0,0,0,0,0,0,0,0,0,0,0,0,0,0,0,0,0,0,0,0,0
충청남도,홍성군,용봉산 (용봉초 매표소),합계,"68,583","42,772","1,382","2,413","3,903","2,407","1,601","1,410","3,281","3,846","4,745","6,944","6,262","4,578","25,811","4,531","3,440","3,229",609,997,539,"1,717","1,354","1,590","2,986","2,605","2,214"
충청남도,홍성군,용봉산(구룡대 매표소),내국인,"139,011","54,663","2,493","3,146","6,544","3,704","2,764","3,002","3,767","4,331","5,142","7,475","7,261","5,034","84,348","6,148","6,203","9,825","3,210","3,212","1,902","5,641","3,229","5,960","17,323","12,741","8,954"
충청남도,홍성군,용봉산(구룡대 매표소),외국인,0,0,0,0,0,0,0,0,0,0,0,0,0,0,0,0,0,0,0,0,0,0,0,0,0,0,0
충청남도,홍성군,용봉산(구룡대 매표소),합계,"139,011","54,663","2,493","3,146","6,544","3,704","2,764","3,002","3,767","4,331","5,142","7,475","7,261","5,034","84,348","6,148","6,203","9,825","3,210","3,212","1,902","5,641","3,229","5,960","17,323","12,741","8,954"
충청남도,홍성군,용봉산(산림휴양관 매표소),내국인,"79,043","37,387","1,021","2,227","3,365","1,736","1,302","1,167","2,119","3,122","4,127","6,549","6,194","4,458","41,656","4,655","4,676","3,365","1,976","1,821","1,102","3,712","3,002","4,307","5,016","4,110","3,914"
충청남도,홍성군,용봉산(산림휴양관 매표소),외국인,0,0,0,0,0,0,0,0,0,0,0,0,0,0,0,0,0,0,0,0,0,0,0,0,0,0,0
충청남도,홍성군,용봉산(산림휴양관 매표소),합계,"79,043","37,387","1,021","2,227","3,365","1,736","1,302","1,167","2,119","3,122","4,127","6,549","6,194","4,458","41,656","4,655","4,676","3,365","1,976","1,821","1,102","3,712","3,002","4,307","5,016","4,110","3,914"
충청남도,홍성군,조류탐사과학관,내국인,"37,055","25,135","1,551","1,917","2,006","1,666","2,273","2,622","2,316","3,105","1,787","2,212","1,467","2,213","11,920","1,810",817,0,0,"1,258",850,"1,482","2,754",372,"1,435","1,034",108
충청남도,홍성군,조류탐사과학관,외국인,0,0,0,0,0,0,0,0,0,0,0,0,0,0,0,0,0,0,0,0,0,0,0,0,0,0,0
충청남도,홍성군,조류탐사과학관,합계,"37,055","25,135","1,551","1,917","2,006","1,666","2,273","2,622","2,316","3,105","1,787","2,212","1,467","2,213","11,920","1,810",817,0,0,"1,258",850,"1,482","2,754",372,"1,435","1,034",108
충청남도,홍성군,죽도,내국인,"158,679","114,730","4,297","5,233","8,553","9,686","15,302","9,605","3,511","5,386","6,661","17,912","18,713","9,871","43,949","4,522",0,0,"1,411","9,843","7,851","5,456","2,718","2,456","5,567","2,992","1,133"
충청남도,홍성군,죽도,합계,"158,679","114,730","4,297","5,233","8,553","9,686","15,302","9,605","3,511","5,386","6,661","17,912","18,713","9,871","43,949","4,522",0,0,"1,411","9,843","7,851","5,456","2,718","2,456","5,567","2,992","1,133"
충청남도,홍성군,한용운선생생가,내국인,"57,920","42,766","2,769","2,556","3,180","3,535","5,295","4,274","3,813","4,965","2,939","3,993","3,782","1,665","15,154","1,851","1,300",284,88,"1,400","1,285","1,532","1,577",155,"1,533","3,031","1,118"
충청남도,홍성군,한용운선생생가,합계,"57,920","42,766","2,769","2,556","3,180","3,535","5,295","4,274","3,813","4,965","2,939","3,993","3,782","1,665","15,154","1,851","1,300",284,88,"1,400","1,285","1,532","1,577",155,"1,533","3,031","1,118"
충청남도,홍성군,홍성온천관광호텔부대시설(온천이용객),내국인,"201,998","132,336","12,771","11,679","11,822","10,022","8,310","8,762","11,865","9,543","10,393","7,888","14,732","14,549","69,662","12,760","8,571","7,673","7,222","6,865","3,422","8,828","8,045","6,276",0,0,0
충청남도,홍성군,홍성온천관광호텔부대시설(온천이용객),외국인,"8,620","8,571","1,741","1,592","1,612","1,238",923,973,29,23,4,77,172,187,49,6,19,0,0,0,0,5,13,6,0,0,0
충청남도,홍성군,홍성온천관광호텔부대시설(온천이용객),합계,"210,618","140,907","14,512","13,271","13,434","11,260","9,233","9,735","11,894","9,566","10,397","7,965","14,904","14,736","69,711","12,766","8,590","7,673","7,222","6,865","3,422","8,833","8,058","6,282",0,0,0
충청남도,홍성군,홍주성역사관,내국인,"50,846","36,303","1,929","1,588","1,465","3,183","5,417","3,320","2,175","1,998","8,170","3,245","1,802","2,011","14,543","1,592","1,122",92,85,"1,950","1,513","1,489","1,325",442,"1,687","2,242","1,004"
충청남도,홍성군,홍주성역사관,외국인,0,0,0,0,0,0,0,0,0,0,0,0,0,0,0,0,0,0,0,0,0,0,0,0,0,0,0
충청남도,홍성군,홍주성역사관,합계,"50,846","36,303","1,929","1,588","1,465","3,183","5,417","3,320","2,175","1,998","8,170","3,245","1,802","2,011","14,543","1,592","1,122",92,85,"1,950","1,513","1,489","1,325",442,"1,687","2,242","1,004"
충청남도,홍성군,홍주성천년여행길,내국인,"31,427",,,,,,,,,,,,,,"31,427",,,,"3,775","2,777","2,524","5,546","2,832","3,319","5,124","3,025","2,505"
충청남도,홍성군,홍주성천년여행길,합계,"31,427",,,,,,,,,,,,,,"31,427",,,,"3,775","2,777","2,524","5,546","2,832","3,319","5,124","3,025","2,505"
충청남도,예산군,가야산,내국인,"297,292","150,236","8,276","9,877","10,988","13,556","12,016","11,543","19,627","11,041","27,965","9,517","8,652","7,178","147,056","7,588","7,591","10,811","26,872","14,080","12,788","11,348","11,495","10,152","11,828","11,334","11,169"
충청남도,예산군,가야산,합계,"297,292","150,236","8,276","9,877","10,988","13,556","12,016","11,543","19,627","11,041","27,965","9,517","8,652","7,178","147,056","7,588","7,591","10,811","26,872","14,080","12,788","11,348","11,495","10,152","11,828","11,334","11,169"
충청남도,예산군,대흥슬로시티,내국인,"6,128","5,315",50,50,150,389,231,236,428,"1,544","1,587",281,294,75,813,351,40,0,0,0,12,144,66,48,35,57,60
충청남도,예산군,대흥슬로시티,외국인,0,0,0,0,0,0,0,0,0,0,0,0,0,0,0,0,0,0,0,0,0,0,0,0,0,0,0
충청남도,예산군,대흥슬로시티,합계,"6,128","5,315",50,50,150,389,231,236,428,"1,544","1,587",281,294,75,813,351,40,0,0,0,12,144,66,48,35,57,60
충청남도,예산군,봉수산 수목원,내국인,"53,030",,,,,,,,,,,,,,"53,030","3,407","5,332","7,271","12,357","6,131","3,864","2,251","2,972","1,697","2,197","2,608","2,943"
충청남도,예산군,봉수산 수목원,합계,"53,030",,,,,,,,,,,,,,"53,030","3,407","5,332","7,271","12,357","6,131","3,864","2,251","2,972","1,697","2,197","2,608","2,943"
충청남도,예산군,봉수산자연휴양림,내국인,"86,401","63,157","3,025","3,174","2,606","4,864","4,123","3,584","3,427","9,718","9,220","7,727","6,430","5,259","23,244","5,244","2,978",0,0,0,0,"1,184","2,353",0,0,"6,017","5,468"
충청남도,예산군,봉수산자연휴양림,외국인,0,0,0,0,0,0,0,0,0,0,0,0,0,0,0,0,0,0,0,0,0,0,0,0,0,0,0
충청남도,예산군,봉수산자연휴양림,합계,"86,401","63,157","3,025","3,174","2,606","4,864","4,123","3,584","3,427","9,718","9,220","7,727","6,430","5,259","23,244","5,244","2,978",0,0,0,0,"1,184","2,353",0,0,"6,017","5,468"
충청남도,예산군,세심천온천호텔(온천),내국인,"489,587","307,405","46,239","44,189","36,716","29,498","25,696",0,0,"1,327","23,389","24,505","32,923","42,923","182,182","48,100","18,085","13,102","14,212","16,418","11,167","10,818","10,430","5,963","11,741","12,480","9,666"
충청남도,예산군,세심천온천호텔(온천),합계,"489,587","307,405","46,239","44,189","36,716","29,498","25,696",0,0,"1,327","23,389","24,505","32,923","42,923","182,182","48,100","18,085","13,102","14,212","16,418","11,167","10,818","10,430","5,963","11,741","12,480","9,666"
충청남도,예산군,수덕사,내국인,"1,592,830","1,018,642","54,534","56,629","67,979","110,279","122,620","105,970","52,472","69,882","58,400","149,052","113,160","57,665","574,188","56,868","29,169","37,158","49,614","67,325","42,220","39,495","39,005","34,099","84,729","63,722","30,784"
충청남도,예산군,수덕사,합계,"1,592,830","1,018,642","54,534","56,629","67,979","110,279","122,620","105,970","52,472","69,882","58,400","149,052","113,160","57,665","574,188","56,868","29,169","37,158","49,614","67,325","42,220","39,495","39,005","34,099","84,729","63,722","30,784"
충청남도,예산군,수암산,내국인,"239,602","210,029","3,156","3,151","3,134","10,053","79,495","54,410","39,529","8,347","1,903","2,804","2,033","2,014","29,573","2,399","3,373","3,785","3,416","3,605","2,076","1,682","1,090","1,993","2,721","1,481","1,952"
충청남도,예산군,수암산,합계,"239,602","210,029","3,156","3,151","3,134","10,053","79,495","54,410","39,529","8,347","1,903","2,804","2,033","2,014","29,573","2,399","3,373","3,785","3,416","3,605","2,076","1,682","1,090","1,993","2,721","1,481","1,952"
충청남도,예산군,스플라스 리솜(워터파크),내국인,"523,819","375,340","40,478","44,400","15,038",0,0,"8,304","61,133","92,717","24,471","24,966","25,542","38,291","148,479","44,254","11,712","2,159",921,"11,613","8,581","17,681","32,082","2,535","4,561","8,546","3,834"
충청남도,예산군,스플라스 리솜(워터파크),외국인,0,0,0,0,0,0,0,0,0,0,0,0,0,0,0,0,0,0,0,0,0,0,0,0,0,0,0
충청남도,예산군,스플라스 리솜(워터파크),합계,"523,819","375,340","40,478","44,400","15,038",0,0,"8,304","61,133","92,717","24,471","24,966","25,542","38,291","148,479","44,254","11,712","2,159",921,"11,613","8,581","17,681","32,082","2,535","4,561","8,546","3,834"
충청남도,예산군,아그로랜드,내국인,"228,933","113,181","1,116","1,158","3,971","15,139","19,962","13,827","3,950","6,907","9,208","28,009","8,350","1,584","115,752",935,870,"3,890","11,178","23,192","20,380","9,471","4,261","8,725","25,198","6,500","1,152"
충청남도,예산군,아그로랜드,합계,"228,933","113,181","1,116","1,158","3,971","15,139","19,962","13,827","3,950","6,907","9,208","28,009","8,350","1,584","115,752",935,870,"3,890","11,178","23,192","20,380","9,471","4,261","8,725","25,198","6,500","1,152"
충청남도,예산군,알토란사과마을,내국인,"6,883","5,704",123,33,59,147,141,339,177,369,311,"2,623","1,288",94,"1,179",56,33,0,10,36,40,45,40,88,401,406,24
충청남도,예산군,알토란사과마을,외국인,68,68,0,0,0,0,0,0,0,0,20,20,28,0,0,0,0,0,0,0,0,0,0,0,0,0,0
충청남도,예산군,알토란사과마을,합계,"6,951","5,772",123,33,59,147,141,339,177,369,331,"2,643","1,316",94,"1,179",56,33,0,10,36,40,45,40,88,401,406,24
충청남도,예산군,예당관광지 야영장,내국인,"139,384","139,384","13,835","15,098","21,029","33,354","37,016","19,052",,,,,,,,,,,,,,,,,,,
충청남도,예산군,예당관광지 야영장,합계,"139,384","139,384","13,835","15,098","21,029","33,354","37,016","19,052",,,,,,,,,,,,,,,,,,,
충청남도,예산군,예당호 출렁다리,내국인,"1,319,426","701,135",,,,,,,"135,847","128,680","96,093","161,764","112,833","65,918","618,291","68,980","35,182","42,566","39,008","120,723","69,682","64,663","53,342","10,792","38,726","49,762","24,865"
충청남도,예산군,예당호 출렁다리,합계,"1,319,426","701,135",,,,,,,"135,847","128,680","96,093","161,764","112,833","65,918","618,291","68,980","35,182","42,566","39,008","120,723","69,682","64,663","53,342","10,792","38,726","49,762","24,865"
충청남도,예산군,예산군국민여가캠핑장,내국인,"11,327","8,201",0,0,485,638,"1,125","1,165",618,779,854,"1,087",793,657,"3,126",0,0,51,0,0,492,756,538,0,0,642,647
충청남도,예산군,예산군국민여가캠핑장,합계,"11,327","8,201",0,0,485,638,"1,125","1,165",618,779,854,"1,087",793,657,"3,126",0,0,51,0,0,492,756,538,0,0,642,647
충청남도,예산군,예산사과와인,내국인,"33,918","23,119",326,374,414,"1,266",976,"1,123","1,074","1,024","1,116","7,584","6,344","1,498","10,799",470,134,111,162,195,264,271,517,"1,088","4,208","3,096",283
충청남도,예산군,예산사과와인,외국인,"4,332","4,276",70,0,76,34,150,120,184,90,106,"1,390","2,056",0,56,0,0,0,0,0,0,56,0,0,0,0,0
충청남도,예산군,예산사과와인,합계,"38,250","27,395",396,374,490,"1,300","1,126","1,243","1,258","1,114","1,222","8,974","8,400","1,498","10,855",470,134,111,162,195,264,327,517,"1,088","4,208","3,096",283
충청남도,예산군,예산황새공원,내국인,"131,815","93,519","2,334","2,120","3,892","11,757","14,000","14,042","6,723","6,327","9,230","12,158","7,091","3,845","38,296","3,567","2,567","1,196",958,"3,379","3,054","4,409","3,826","2,047","4,520","5,374","3,399"
충청남도,예산군,예산황새공원,합계,"131,815","93,519","2,334","2,120","3,892","11,757","14,000","14,042","6,723","6,327","9,230","12,158","7,091","3,845","38,296","3,567","2,567","1,196",958,"3,379","3,054","4,409","3,826","2,047","4,520","5,374","3,399"
충청남도,예산군,윤봉길의사 기념관,내국인,"150,196","103,198","5,178","5,747","7,279","13,104","11,565","9,025","8,853","9,738","7,255","11,429","7,830","6,195","46,998","6,136","3,437","1,962","1,915","3,125","3,541","4,196","4,667","2,585","4,642","5,720","5,072"
충청남도,예산군,윤봉길의사 기념관,합계,"150,196","103,198","5,178","5,747","7,279","13,104","11,565","9,025","8,853","9,738","7,255","11,429","7,830","6,195","46,998","6,136","3,437","1,962","1,915","3,125","3,541","4,196","4,667","2,585","4,642","5,720","5,072"
충청남도,예산군,추사고택,내국인,"96,057","67,926","3,083","3,696","5,573","10,025","9,623","7,138","4,039","3,923","4,555","7,843","5,669","2,759","28,131","2,716","2,003","3,882","3,480","3,178","2,591","1,746","1,512",615,"2,038","2,522","1,848"
충청남도,예산군,추사고택,합계,"96,057","67,926","3,083","3,696","5,573","10,025","9,623","7,138","4,039","3,923","4,555","7,843","5,669","2,759","28,131","2,716","2,003","3,882","3,480","3,178","2,591","1,746","1,512",615,"2,038","2,522","1,848"
충청남도,예산군,한국고건축박물관,내국인,"16,572","7,652",620,534,889,932,"1,243",653,600,583,465,432,356,345,"8,920","1,164",969,645,707,"1,076","1,001",748,"1,095",711,804,0,0
충청남도,예산군,한국고건축박물관,외국인,0,0,0,0,0,0,0,0,0,0,0,0,0,0,,,,,,,,,,,,,
충청남도,예산군,한국고건축박물관,합계,"16,572","7,652",620,534,889,932,"1,243",653,600,583,465,432,356,345,"8,920","1,164",969,645,707,"1,076","1,001",748,"1,095",711,804,0,0
충청남도,예산군,향천사(금오산),내국인,"87,543","42,619","1,411","2,080","1,703","3,623","8,392","3,522","3,800","3,636","3,493","4,152","3,427","3,380","44,924","2,322","2,102","2,834","4,206","5,345","3,021","3,577","3,389","3,611","5,824","6,523","2,170"
충청남도,예산군,향천사(금오산),합계,"87,543","42,619","1,411","2,080","1,703","3,623","8,392","3,522","3,800","3,636","3,493","4,152","3,427","3,380","44,924","2,322","2,102","2,834","4,206","5,345","3,021","3,577","3,389","3,611","5,824","6,523","2,170"
충청남도,태안군,고남패총박물관,내국인,"30,627","26,116","1,785","1,560","2,040","1,868","2,096","2,547","2,686","5,390","1,145","1,574","1,953","1,472","4,511","1,481",686,0,0,180,244,538,579,0,223,407,173
충청남도,태안군,고남패총박물관,외국인,0,0,0,0,0,0,0,0,0,0,0,0,0,0,0,0,0,0,0,0,0,0,0,0,0,0,0
충청남도,태안군,고남패총박물관,합계,"30,627","26,116","1,785","1,560","2,040","1,868","2,096","2,547","2,686","5,390","1,145","1,574","1,953","1,472","4,511","1,481",686,0,0,180,244,538,579,0,223,407,173
충청남도,태안군,네이처월드(꽃축제장),내국인,"199,314","141,084","5,460","2,500","3,830","51,344","28,000","8,300","3,500","6,000","2,850","10,900","11,300","7,100","58,230","4,700","5,820","2,410","5,916","5,515","4,013","4,376","5,764","2,485","8,322","5,210","3,699"
충청남도,태안군,네이처월드(꽃축제장),외국인,0,0,0,0,0,0,0,0,0,0,0,0,0,0,0,0,0,0,0,0,0,0,0,0,0,0,0
충청남도,태안군,네이처월드(꽃축제장),합계,"199,314","141,084","5,460","2,500","3,830","51,344","28,000","8,300","3,500","6,000","2,850","10,900","11,300","7,100","58,230","4,700","5,820","2,410","5,916","5,515","4,013","4,376","5,764","2,485","8,322","5,210","3,699"
충청남도,태안군,노을길,내국인,"248,479","160,002","16,179","5,199","14,601","17,102","17,285","17,740","10,495","8,816","11,475","19,593","10,675","10,842","88,477","2,934","4,710","9,279","8,800","4,351","5,165","11,308","12,029","8,592","8,114","6,488","6,707"
충청남도,태안군,노을길,합계,"248,479","160,002","16,179","5,199","14,601","17,102","17,285","17,740","10,495","8,816","11,475","19,593","10,675","10,842","88,477","2,934","4,710","9,279","8,800","4,351","5,165","11,308","12,029","8,592","8,114","6,488","6,707"
충청남도,태안군,바라길,내국인,"81,550","50,262","2,030","1,422","2,752","5,582","8,046","5,222","3,593","6,787","3,506","5,480","3,196","2,646","31,288",998,"1,189","1,653","2,809","2,809","4,663","2,738","3,023","3,162","5,359","1,517","1,368"
충청남도,태안군,바라길,합계,"81,550","50,262","2,030","1,422","2,752","5,582","8,046","5,222","3,593","6,787","3,506","5,480","3,196","2,646","31,288",998,"1,189","1,653","2,809","2,809","4,663","2,738","3,023","3,162","5,359","1,517","1,368"
충청남도,태안군,바람길,내국인,"6,693","5,755",161,327,94,210,273,998,967,920,646,485,410,264,938,2,0,0,0,0,0,0,0,0,0,491,445
충청남도,태안군,바람길,합계,"6,693","5,755",161,327,94,210,273,998,967,920,646,485,410,264,938,2,0,0,0,0,0,0,0,0,0,491,445
충청남도,태안군,백화산 북봉 전망대,내국인,"49,020","22,150","1,083","1,252","1,323","1,424","1,542","6,910",756,"2,447","1,796","1,574","1,116",927,"26,870","1,175","1,203","4,290","2,160","2,483","2,722","1,013","1,277","2,015","3,371","2,111","3,050"
충청남도,태안군,백화산 북봉 전망대,합계,"49,020","22,150","1,083","1,252","1,323","1,424","1,542","6,910",756,"2,447","1,796","1,574","1,116",927,"26,870","1,175","1,203","4,290","2,160","2,483","2,722","1,013","1,277","2,015","3,371","2,111","3,050"
충청남도,태안군,샛별길,내국인,"2,880","2,743",36,222,47,171,330,262,336,"1,004",151,150,29,5,137,10,13,21,21,21,50,1,0,0,0,0,0
충청남도,태안군,샛별길,합계,"2,880","2,743",36,222,47,171,330,262,336,"1,004",151,150,29,5,137,10,13,21,21,21,50,1,0,0,0,0,0
충청남도,태안군,솔모랫길,내국인,"52,291","45,609","2,971","2,036","3,017","5,063","8,279","5,134","2,461","2,805","3,861","5,669","2,360","1,953","6,682",633,721,"1,049",621,621,642,382,310,541,573,241,348
충청남도,태안군,솔모랫길,합계,"52,291","45,609","2,971","2,036","3,017","5,063","8,279","5,134","2,461","2,805","3,861","5,669","2,360","1,953","6,682",633,721,"1,049",621,621,642,382,310,541,573,241,348
충청남도,태안군,솔향기길,내국인,"80,178","49,555","2,387","2,349","4,779","6,199","6,775","7,385","3,294","4,246","3,580","3,550","3,184","1,827","30,623","1,251","1,831","3,081","4,126","6,097","4,773","2,122",0,414,"2,589","2,303","2,036"
충청남도,태안군,솔향기길,합계,"80,178","49,555","2,387","2,349","4,779","6,199","6,775","7,385","3,294","4,246","3,580","3,550","3,184","1,827","30,623","1,251","1,831","3,081","4,126","6,097","4,773","2,122",0,414,"2,589","2,303","2,036"
충청남도,태안군,신두리 해안사구,내국인,"304,977","160,390","5,313","5,621","9,810","9,954","16,412","19,927","14,840","26,876","12,564","19,407","13,761","5,905","144,587","6,586","5,982","8,236","9,141","17,519","15,750","16,017","14,581","14,443","20,616","8,294","7,422"
충청남도,태안군,신두리 해안사구,합계,"304,977","160,390","5,313","5,621","9,810","9,954","16,412","19,927","14,840","26,876","12,564","19,407","13,761","5,905","144,587","6,586","5,982","8,236","9,141","17,519","15,750","16,017","14,581","14,443","20,616","8,294","7,422"
충청남도,태안군,안면도 꽃다리,내국인,"331,866","91,672","4,944","3,555","5,244","16,622","15,855","9,322","4,908","8,435","5,273","9,204","3,701","4,609","240,194","4,135","2,401","3,776","5,578","28,904","134,117","23,761","6,461","3,894","14,429","7,569","5,169"
충청남도,태안군,안면도 꽃다리,합계,"331,866","91,672","4,944","3,555","5,244","16,622","15,855","9,322","4,908","8,435","5,273","9,204","3,701","4,609","240,194","4,135","2,401","3,776","5,578","28,904","134,117","23,761","6,461","3,894","14,429","7,569","5,169"
충청남도,태안군,안면도자연휴양림,내국인,"563,465","371,502","10,071","10,812","24,138","42,651","55,040","48,151","25,313","43,610","22,405","47,954","29,720","11,637","191,963","10,602","6,472",0,"9,203","26,352","25,236","25,721","24,530","12,041","25,184","17,272","9,350"
충청남도,태안군,안면도자연휴양림,외국인,0,0,0,0,0,0,0,0,0,0,0,0,0,0,0,0,0,0,0,0,0,0,0,0,0,0,0
충청남도,태안군,안면도자연휴양림,합계,"563,465","371,502","10,071","10,812","24,138","42,651","55,040","48,151","25,313","43,610","22,405","47,954","29,720","11,637","191,963","10,602","6,472",0,"9,203","26,352","25,236","25,721","24,530","12,041","25,184","17,272","9,350"
충청남도,태안군,안면도쥬라기박물관,내국인,"274,082","162,722","6,220","6,364","11,796","11,330","17,297","19,261","13,800","39,368","9,511","15,103","7,975","4,697","111,360","5,629","2,523","2,413","5,799","15,933","10,517","13,585","21,966","7,519","13,925","7,957","3,594"
충청남도,태안군,안면도쥬라기박물관,외국인,0,0,0,0,0,0,0,0,0,0,0,0,0,0,0,0,0,0,0,0,0,0,0,0,0,0,0
충청남도,태안군,안면도쥬라기박물관,합계,"274,082","162,722","6,220","6,364","11,796","11,330","17,297","19,261","13,800","39,368","9,511","15,103","7,975","4,697","111,360","5,629","2,523","2,413","5,799","15,933","10,517","13,585","21,966","7,519","13,925","7,957","3,594"
충청남도,태안군,안흥유람선,내국인,"58,188","56,788",0,0,"4,920","15,663","10,504","7,373","2,207","4,020","1,504","5,880","4,165",552,"1,400",0,0,0,0,246,740,414,0,0,0,0,0
충청남도,태안군,안흥유람선,외국인,0,0,0,0,0,0,0,0,0,0,0,0,0,0,0,0,0,0,0,0,0,0,0,0,0,0,0
충청남도,태안군,안흥유람선,합계,"58,188","56,788",0,0,"4,920","15,663","10,504","7,373","2,207","4,020","1,504","5,880","4,165",552,"1,400",0,0,0,0,246,740,414,0,0,0,0,0
충청남도,태안군,이종일 생가지,내국인,"88,041","24,947",411,420,"3,620","1,110","1,405","2,118","1,001","3,495","1,252","2,165","7,566",384,"63,094",463,532,"2,979","5,670","1,997","1,400","4,885","3,105","4,614","15,990","20,621",838
충청남도,태안군,이종일 생가지,합계,"88,041","24,947",411,420,"3,620","1,110","1,405","2,118","1,001","3,495","1,252","2,165","7,566",384,"63,094",463,532,"2,979","5,670","1,997","1,400","4,885","3,105","4,614","15,990","20,621",838
충청남도,태안군,천리포수목원,내국인,"365,807","259,193","3,900","6,183","15,213","47,485","46,102","33,357","17,038","29,747","13,306","26,179","16,445","4,238","106,614","5,388","3,617","10,570","2,000","2,800","1,800","18,000","16,000","10,000","22,321","10,573","3,545"
충청남도,태안군,천리포수목원,외국인,0,0,0,0,0,0,0,0,0,0,0,0,0,0,0,0,0,0,0,0,0,0,0,0,0,0,0
충청남도,태안군,천리포수목원,합계,"365,807","259,193","3,900","6,183","15,213","47,485","46,102","33,357","17,038","29,747","13,306","26,179","16,445","4,238","106,614","5,388","3,617","10,570","2,000","2,800","1,800","18,000","16,000","10,000","22,321","10,573","3,545"
충청남도,태안군,청산수목원(태안연꽃축제),내국인,"248,150","134,777",0,0,0,"3,730","5,000","6,300","6,900","28,760","22,194","38,570","20,973","2,350","113,373","2,750","1,200",0,825,"5,756","3,892","5,950","11,200","17,800","46,000","16,000","2,000"
충청남도,태안군,청산수목원(태안연꽃축제),합계,"248,150","134,777",0,0,0,"3,730","5,000","6,300","6,900","28,760","22,194","38,570","20,973","2,350","113,373","2,750","1,200",0,825,"5,756","3,892","5,950","11,200","17,800","46,000","16,000","2,000"
충청남도,태안군,태안비치 컨트리클럽,내국인,0,0,0,0,0,0,0,0,0,0,0,0,0,0,0,0,0,0,0,0,0,0,0,0,0,0,0
충청남도,태안군,태안비치 컨트리클럽,합계,0,0,0,0,0,0,0,0,0,0,0,0,0,0,0,0,0,0,0,0,0,0,0,0,0,0,0
충청남도,태안군,팜카밀레허브농원,내국인,"183,950","109,830",570,610,"1,300","10,750","15,950","18,000","11,800","14,100","6,600","13,500","11,350","5,300","74,120","5,300","3,500","1,740","8,000","5,500","7,250","8,200","9,500","7,350","8,500","7,400","1,880"
충청남도,태안군,팜카밀레허브농원,외국인,0,0,0,0,0,0,0,0,0,0,0,0,0,0,0,0,0,0,0,0,0,0,0,0,0,0,0
충청남도,태안군,팜카밀레허브농원,합계,"183,950","109,830",570,610,"1,300","10,750","15,950","18,000","11,800","14,100","6,600","13,500","11,350","5,300","74,120","5,300","3,500","1,740","8,000","5,500","7,250","8,200","9,500","7,350","8,500","7,400","1,880"
충청남도,태안군,현대더링스 컨트리클럽,내국인,"328,941","153,335",606,"6,257","14,691","15,919","17,500","18,812","16,255","17,117","13,414","17,968","13,296","1,500","175,606","1,700","7,900","13,786","17,479","20,482","20,679","20,484","17,380","17,520","18,572","14,580","5,044"
충청남도,태안군,현대더링스 컨트리클럽,합계,"328,941","153,335",606,"6,257","14,691","15,919","17,500","18,812","16,255","17,117","13,414","17,968","13,296","1,500","175,606","1,700","7,900","13,786","17,479","20,482","20,679","20,484","17,380","17,520","18,572","14,580","5,044"
